case,suite,relative_input,tree_status,tree_wall_seconds,tree_worker_seconds,tree_reason,tree_placed_and_routed,ilp_status,ilp_wall_seconds,ilp_worker_seconds,ilp_reason,ilp_solver_status,ilp_placement_optimal,ilp_violation_count,ilp_drc_passed,runtime_ratio_tree_over_ilp
lfr__CIDAR_Lab_Past_Devices__Chemostat_Chip__Chemostat_Chip_fromLFR,lfr,CIDAR_Lab_Past_Devices/Chemostat_Chip/Chemostat_Chip_fromLFR.json,success,14.254,13.984426,,True,missing,,,,,,,,
lfr__CIDAR_Lab_Past_Devices__Dna_Synthesizer__Dna_Synthesizer_fromLFR,lfr,CIDAR_Lab_Past_Devices/Dna_Synthesizer/Dna_Synthesizer_fromLFR.json,success,36.169,35.874142,,True,missing,,,,,,,,
lfr__CIDAR_Lab_Past_Devices__Dual_Lane_Droplet__Dual_Lane_Droplet_fromLFR,lfr,CIDAR_Lab_Past_Devices/Dual_Lane_Droplet/Dual_Lane_Droplet_fromLFR.json,success,2.774,2.521782,,True,missing,,,,,,,,
lfr__CIDAR_Lab_Past_Devices__Genetic_Clock_Testing_Tool__Genetic_Clock_Testing_Tool_fromLFR,lfr,CIDAR_Lab_Past_Devices/Genetic_Clock_Testing_Tool/Genetic_Clock_Testing_Tool_fromLFR.json,success,1.068,0.847259,,True,missing,,,,,,,,
lfr__CIDAR_Lab_Past_Devices__Glycoform__Glycoform_fromLFR,lfr,CIDAR_Lab_Past_Devices/Glycoform/Glycoform_fromLFR.json,success,1.168,0.92076,,True,missing,,,,,,,,
lfr__CIDAR_Lab_Past_Devices__Grad_Cells__Grad_Cells_fromLFR,lfr,CIDAR_Lab_Past_Devices/Grad_Cells/Grad_Cells_fromLFR.json,success,1.519,1.283836,,True,missing,,,,,,,,
lfr__CIDAR_Lab_Past_Devices__Gradient__Gradient_fromLFR,lfr,CIDAR_Lab_Past_Devices/Gradient/Gradient_fromLFR.json,success,2.171,1.925726,,True,missing,,,,,,,,
lfr__CIDAR_Lab_Past_Devices__Hasty_Cell_Traps__Hasty_Cell_Traps_fromLFR,lfr,CIDAR_Lab_Past_Devices/Hasty_Cell_Traps/Hasty_Cell_Traps_fromLFR.json,success,1.018,0.782107,,True,missing,,,,,,,,
lfr__CIDAR_Lab_Past_Devices__Hmlp_Dual_Bank__Hmlp_Dual_Bank_fromLFR,lfr,CIDAR_Lab_Past_Devices/Hmlp_Dual_Bank/Hmlp_Dual_Bank_fromLFR.json,success,11.498,11.2287,,True,missing,,,,,,,,
lfr__CIDAR_Lab_Past_Devices__Incubator__Incubator_fromLFR,lfr,CIDAR_Lab_Past_Devices/Incubator/Incubator_fromLFR.json,success,5.832,5.604314,,True,missing,,,,,,,,
lfr__CIDAR_Lab_Past_Devices__Inlet_16__Inlet_16_fromLFR,lfr,CIDAR_Lab_Past_Devices/Inlet_16/Inlet_16_fromLFR.json,success,132.1,131.797692,,True,missing,,,,,,,,
lfr__CIDAR_Lab_Past_Devices__Kinetics__Kinetics_fromLFR,lfr,CIDAR_Lab_Past_Devices/Kinetics/Kinetics_fromLFR.json,success,0.967,0.728272,,True,missing,,,,,,,,
lfr__CIDAR_Lab_Past_Devices__Logic_04__Logic_04_fromLFR,lfr,CIDAR_Lab_Past_Devices/Logic_04/Logic_04_fromLFR.json,success,6.081,5.823454,,True,missing,,,,,,,,
lfr__CIDAR_Lab_Past_Devices__MUX_96_Chambers__MUX_96_Chambers_fromLFR,lfr,CIDAR_Lab_Past_Devices/MUX_96_Chambers/MUX_96_Chambers_fromLFR.json,success,4.875,4.609069,,True,missing,,,,,,,,
lfr__CIDAR_Lab_Past_Devices__Mfd_005_Chip__Mfd_005_Chip_fromLFR,lfr,CIDAR_Lab_Past_Devices/Mfd_005_Chip/Mfd_005_Chip_fromLFR.json,success,1.118,0.909223,,True,missing,,,,,,,,
lfr__CIDAR_Lab_Past_Devices__Microalgal_Bioassay__Microalgal_Bioassay_fromLFR,lfr,CIDAR_Lab_Past_Devices/Microalgal_Bioassay/Microalgal_Bioassay_fromLFR.json,success,1.117,0.900068,,True,missing,,,,,,,,
lfr__CIDAR_Lab_Past_Devices__Microdroplet__Microdroplet_fromLFR,lfr,CIDAR_Lab_Past_Devices/Microdroplet/Microdroplet_fromLFR.json,success,4.628,4.404987,,True,missing,,,,,,,,
lfr__CIDAR_Lab_Past_Devices__Microreactor__Microreactor_fromLFR,lfr,CIDAR_Lab_Past_Devices/Microreactor/Microreactor_fromLFR.json,success,2.069,1.841634,,True,missing,,,,,,,,
lfr__CIDAR_Lab_Past_Devices__Mix_Incubate_Express__Mix_Incubate_Express_fromLFR,lfr,CIDAR_Lab_Past_Devices/Mix_Incubate_Express/Mix_Incubate_Express_fromLFR.json,success,1.019,0.772075,,True,missing,,,,,,,,
lfr__CIDAR_Lab_Past_Devices__Multi_Input__Multi_Input_fromLFR,lfr,CIDAR_Lab_Past_Devices/Multi_Input/Multi_Input_fromLFR.json,success,2.473,2.157025,,True,missing,,,,,,,,
lfr__CIDAR_Lab_Past_Devices__Net_MUX__Net_MUX_fromLFR,lfr,CIDAR_Lab_Past_Devices/Net_MUX/Net_MUX_fromLFR.json,success,5.181,4.936926,,True,missing,,,,,,,,
lfr__CIDAR_Lab_Past_Devices__Nine_To_One_MUX__Nine_To_One_MUX_fromLFR,lfr,CIDAR_Lab_Past_Devices/Nine_To_One_MUX/Nine_To_One_MUX_fromLFR.json,success,7.58,7.348382,,True,missing,,,,,,,,
lfr__CIDAR_Lab_Past_Devices__Number_Declarations__Number_Declarations_fromLFR,lfr,CIDAR_Lab_Past_Devices/Number_Declarations/Number_Declarations_fromLFR.json,success,0.918,0.681593,,True,missing,,,,,,,,
lfr__CIDAR_Lab_Past_Devices__Olfactory__Olfactory_fromLFR,lfr,CIDAR_Lab_Past_Devices/Olfactory/Olfactory_fromLFR.json,success,1.771,1.561473,,True,missing,,,,,,,,
lfr__CIDAR_Lab_Past_Devices__Pump_Passthrough__Pump_Passthrough_fromLFR,lfr,CIDAR_Lab_Past_Devices/Pump_Passthrough/Pump_Passthrough_fromLFR.json,success,0.917,0.683339,,True,missing,,,,,,,,
lfr__CIDAR_Lab_Past_Devices__Ring__Ring_fromLFR,lfr,CIDAR_Lab_Past_Devices/Ring/Ring_fromLFR.json,success,0.967,0.763326,,True,missing,,,,,,,,
lfr__CIDAR_Lab_Past_Devices__Root_Chip__Root_Chip_fromLFR,lfr,CIDAR_Lab_Past_Devices/Root_Chip/Root_Chip_fromLFR.json,success,4.579,4.3549,,True,missing,,,,,,,,
lfr__CIDAR_Lab_Past_Devices__Rotary_16__Rotary_16_fromLFR,lfr,CIDAR_Lab_Past_Devices/Rotary_16/Rotary_16_fromLFR.json,success,43.029,42.725855,,True,missing,,,,,,,,
lfr__CIDAR_Lab_Past_Devices__Rotary_Cells__Rotary_Cells_fromLFR,lfr,CIDAR_Lab_Past_Devices/Rotary_Cells/Rotary_Cells_fromLFR.json,success,2.071,1.842845,,True,missing,,,,,,,,
lfr__CIDAR_Lab_Past_Devices__Seeding__Seeding_fromLFR,lfr,CIDAR_Lab_Past_Devices/Seeding/Seeding_fromLFR.json,success,4.93,4.678662,,True,missing,,,,,,,,
lfr__CIDAR_Lab_Past_Devices__Three_Reagent_Mix__Three_Reagent_Mix_fromLFR,lfr,CIDAR_Lab_Past_Devices/Three_Reagent_Mix/Three_Reagent_Mix_fromLFR.json,success,1.069,0.825289,,True,missing,,,,,,,,
lfr__COVID__Aj_Rtpcr_8_Primer__Aj_Rtpcr_8_Primer_fromLFR,lfr,COVID/Aj_Rtpcr_8_Primer/Aj_Rtpcr_8_Primer_fromLFR.json,success,10.546,10.311558,,True,missing,,,,,,,,
lfr__COVID__Arize__Arize_fromLFR,lfr,COVID/Arize/Arize_fromLFR.json,success,1.722,1.485364,,True,missing,,,,,,,,
lfr__COVID__Covid_Crispr__Covid_Crispr_fromLFR,lfr,COVID/Covid_Crispr/Covid_Crispr_fromLFR.json,success,0.968,0.736202,,True,missing,,,,,,,,
lfr__COVID__Crispr__Crispr_fromLFR,lfr,COVID/Crispr/Crispr_fromLFR.json,success,1.119,0.89593,,True,missing,,,,,,,,
lfr__COVID__Detectr__Detectr_fromLFR,lfr,COVID/Detectr/Detectr_fromLFR.json,success,1.269,1.047413,,True,missing,,,,,,,,
lfr__COVID__Elisa__Elisa_fromLFR,lfr,COVID/Elisa/Elisa_fromLFR.json,success,1.019,0.78754,,True,missing,,,,,,,,
lfr__COVID__Gel_Electrophoresis__Gel_Electrophoresis_fromLFR,lfr,COVID/Gel_Electrophoresis/Gel_Electrophoresis_fromLFR.json,success,1.119,0.904576,,True,missing,,,,,,,,
lfr__COVID__Hybri_Detect__Hybri_Detect_fromLFR,lfr,COVID/Hybri_Detect/Hybri_Detect_fromLFR.json,success,1.068,0.85074,,True,missing,,,,,,,,
lfr__COVID__Part_1_Rna_Prep__Part_1_Rna_Prep_fromLFR,lfr,COVID/Part_1_Rna_Prep/Part_1_Rna_Prep_fromLFR.json,success,1.069,0.833573,,True,missing,,,,,,,,
lfr__COVID__Part_2_Rt_Step__Part_2_Rt_Step_fromLFR,lfr,COVID/Part_2_Rt_Step/Part_2_Rt_Step_fromLFR.json,success,1.019,0.791278,,True,missing,,,,,,,,
lfr__COVID__Part_3_Gel__Part_3_Gel_fromLFR,lfr,COVID/Part_3_Gel/Part_3_Gel_fromLFR.json,success,1.119,0.886834,,True,missing,,,,,,,,
lfr__COVID__Rt_Pcr__Rt_Pcr_fromLFR,lfr,COVID/Rt_Pcr/Rt_Pcr_fromLFR.json,success,0.97,0.728025,,True,missing,,,,,,,,
lfr__Distribute_Expressions__And_Annotation_Test__And_Annotation_Test_fromLFR,lfr,Distribute_Expressions/And_Annotation_Test/And_Annotation_Test_fromLFR.json,success,1.27,1.039127,,True,missing,,,,,,,,
lfr__Distribute_Expressions__Dist_Expression_1__Dist_Expression_1_fromLFR,lfr,Distribute_Expressions/Dist_Expression_1/Dist_Expression_1_fromLFR.json,success,0.918,0.681846,,True,missing,,,,,,,,
lfr__Distribute_Expressions__Dist_Expression_2__Dist_Expression_2_fromLFR,lfr,Distribute_Expressions/Dist_Expression_2/Dist_Expression_2_fromLFR.json,success,1.019,0.763086,,True,missing,,,,,,,,
lfr__Distribute_Expressions__Dist_Expression_3__Dist_Expression_3_fromLFR,lfr,Distribute_Expressions/Dist_Expression_3/Dist_Expression_3_fromLFR.json,success,1.02,0.762574,,True,missing,,,,,,,,
lfr__Distribute_Library__Cell_Traps_4__Cell_Traps_4_fromLFR,lfr,Distribute_Library/Cell_Traps_4/Cell_Traps_4_fromLFR.json,success,0.918,0.680636,,True,missing,,,,,,,,
lfr__Distribute_Library__Hv_Storage_Grid_04__Hv_Storage_Grid_04_fromLFR,lfr,Distribute_Library/Hv_Storage_Grid_04/Hv_Storage_Grid_04_fromLFR.json,success,0.92,0.681126,,True,missing,,,,,,,,
lfr__Distribute_Library__Hv_Storage_Grid_08__Hv_Storage_Grid_08_fromLFR,lfr,Distribute_Library/Hv_Storage_Grid_08/Hv_Storage_Grid_08_fromLFR.json,success,0.919,0.68305,,True,missing,,,,,,,,
lfr__Distribute_Library__Hv_Storage_Grid_16__Hv_Storage_Grid_16_fromLFR,lfr,Distribute_Library/Hv_Storage_Grid_16/Hv_Storage_Grid_16_fromLFR.json,success,0.918,0.690844,,True,missing,,,,,,,,
lfr__Distribute_Library__Hv_Storage_Grid_32__Hv_Storage_Grid_32_fromLFR,lfr,Distribute_Library/Hv_Storage_Grid_32/Hv_Storage_Grid_32_fromLFR.json,success,0.918,0.692905,,True,missing,,,,,,,,
lfr__Distribute_Library__Hv_Storage_Grid_64__Hv_Storage_Grid_64_fromLFR,lfr,Distribute_Library/Hv_Storage_Grid_64/Hv_Storage_Grid_64_fromLFR.json,success,0.919,0.668943,,True,missing,,,,,,,,
lfr__Distribute_Library__MUX_02_In__MUX_02_In_fromLFR,lfr,Distribute_Library/MUX_02_In/MUX_02_In_fromLFR.json,success,1.17,0.910763,,True,missing,,,,,,,,
lfr__Distribute_Library__MUX_02_Out__MUX_02_Out_fromLFR,lfr,Distribute_Library/MUX_02_Out/MUX_02_Out_fromLFR.json,success,1.171,0.923067,,True,missing,,,,,,,,
lfr__Distribute_Library__MUX_04_In__MUX_04_In_fromLFR,lfr,Distribute_Library/MUX_04_In/MUX_04_In_fromLFR.json,success,1.371,1.136574,,True,missing,,,,,,,,
lfr__Distribute_Library__MUX_04_Out__MUX_04_Out_fromLFR,lfr,Distribute_Library/MUX_04_Out/MUX_04_Out_fromLFR.json,success,1.37,1.127779,,True,missing,,,,,,,,
lfr__Distribute_Library__MUX_08_In__MUX_08_In_fromLFR,lfr,Distribute_Library/MUX_08_In/MUX_08_In_fromLFR.json,success,5.984,5.73633,,True,missing,,,,,,,,
lfr__Distribute_Library__MUX_08_Out__MUX_08_Out_fromLFR,lfr,Distribute_Library/MUX_08_Out/MUX_08_Out_fromLFR.json,success,5.984,5.748452,,True,missing,,,,,,,,
lfr__Distribute_Library__MUX_16_In__MUX_16_In_fromLFR,lfr,Distribute_Library/MUX_16_In/MUX_16_In_fromLFR.json,success,41.375,41.127409,,True,missing,,,,,,,,
lfr__Distribute_Library__MUX_16_Out__MUX_16_Out_fromLFR,lfr,Distribute_Library/MUX_16_Out/MUX_16_Out_fromLFR.json,success,44.347,44.082878,,True,missing,,,,,,,,
lfr__Distribute_Library__MUX_32_In__MUX_32_In_fromLFR,lfr,Distribute_Library/MUX_32_In/MUX_32_In_fromLFR.json,success,183.434,183.157597,,True,missing,,,,,,,,
lfr__Distribute_Library__MUX_32_Out__MUX_32_Out_fromLFR,lfr,Distribute_Library/MUX_32_Out/MUX_32_Out_fromLFR.json,success,178.885,178.607221,,True,missing,,,,,,,,
lfr__Distribute_Library__MUX_64_In__MUX_64_In_fromLFR,lfr,Distribute_Library/MUX_64_In/MUX_64_In_fromLFR.json,success,2129.547,2129.281322,,True,missing,,,,,,,,
lfr__Distribute_Library__MUX_64_Out__MUX_64_Out_fromLFR,lfr,Distribute_Library/MUX_64_Out/MUX_64_Out_fromLFR.json,success,2000.791,2000.506343,,True,missing,,,,,,,,
lfr__Distribute_Library__Single_Storage_Grid_01__Single_Storage_Grid_01_fromLFR,lfr,Distribute_Library/Single_Storage_Grid_01/Single_Storage_Grid_01_fromLFR.json,success,0.92,0.693538,,True,missing,,,,,,,,
lfr__Distribute_Library__Single_Storage_Grid_02__Single_Storage_Grid_02_fromLFR,lfr,Distribute_Library/Single_Storage_Grid_02/Single_Storage_Grid_02_fromLFR.json,success,0.919,0.688923,,True,missing,,,,,,,,
lfr__Distribute_Library__Single_Storage_Grid_04__Single_Storage_Grid_04_fromLFR,lfr,Distribute_Library/Single_Storage_Grid_04/Single_Storage_Grid_04_fromLFR.json,success,0.919,0.68366,,True,missing,,,,,,,,
lfr__Distribute_Library__Single_Storage_Grid_08__Single_Storage_Grid_08_fromLFR,lfr,Distribute_Library/Single_Storage_Grid_08/Single_Storage_Grid_08_fromLFR.json,success,0.969,0.707484,,True,missing,,,,,,,,
lfr__Distribute_Library__Single_Storage_Grid_16__Single_Storage_Grid_16_fromLFR,lfr,Distribute_Library/Single_Storage_Grid_16/Single_Storage_Grid_16_fromLFR.json,success,0.919,0.687886,,True,missing,,,,,,,,
lfr__Distribute_Library__Single_Storage_Grid_32__Single_Storage_Grid_32_fromLFR,lfr,Distribute_Library/Single_Storage_Grid_32/Single_Storage_Grid_32_fromLFR.json,success,0.918,0.658836,,True,missing,,,,,,,,
lfr__Distribute_Library__Single_Storage_Grid_64__Single_Storage_Grid_64_fromLFR,lfr,Distribute_Library/Single_Storage_Grid_64/Single_Storage_Grid_64_fromLFR.json,success,0.968,0.712058,,True,missing,,,,,,,,
lfr__Distribute_Library__Transposer_02__Transposer_02_fromLFR,lfr,Distribute_Library/Transposer_02/Transposer_02_fromLFR.json,success,1.169,0.968028,,True,missing,,,,,,,,
lfr__Distribute_Library__Transposer_03__Transposer_03_fromLFR,lfr,Distribute_Library/Transposer_03/Transposer_03_fromLFR.json,success,1.47,1.225921,,True,missing,,,,,,,,
lfr__Distribute_Library__Transposer_04__Transposer_04_fromLFR,lfr,Distribute_Library/Transposer_04/Transposer_04_fromLFR.json,success,3.175,2.948747,,True,missing,,,,,,,,
lfr__Distribute_Library__Transposer_08__Transposer_08_fromLFR,lfr,Distribute_Library/Transposer_08/Transposer_08_fromLFR.json,success,0.918,0.68652,,True,missing,,,,,,,,
lfr__Distribute_Library__Transposer_16__Transposer_16_fromLFR,lfr,Distribute_Library/Transposer_16/Transposer_16_fromLFR.json,success,0.919,0.689174,,True,missing,,,,,,,,
lfr__Distribute_Library__Transposer_32__Transposer_32_fromLFR,lfr,Distribute_Library/Transposer_32/Transposer_32_fromLFR.json,success,0.92,0.688126,,True,missing,,,,,,,,
lfr__Distribute_Library__Transposer_64__Transposer_64_fromLFR,lfr,Distribute_Library/Transposer_64/Transposer_64_fromLFR.json,success,0.918,0.686082,,True,missing,,,,,,,,
lfr__Drop_Ref__Droplet_Generator_1__Droplet_Generator_1_fromLFR,lfr,Drop_Ref/Droplet_Generator_1/Droplet_Generator_1_fromLFR.json,success,0.97,0.745987,,True,missing,,,,,,,,
lfr__Drop_Ref__Droplet_Generator_2__Droplet_Generator_2_fromLFR,lfr,Drop_Ref/Droplet_Generator_2/Droplet_Generator_2_fromLFR.json,success,1.171,0.963235,,True,missing,,,,,,,,
lfr__Drop_Ref__Droplet_Generator_3__Droplet_Generator_3_fromLFR,lfr,Drop_Ref/Droplet_Generator_3/Droplet_Generator_3_fromLFR.json,success,1.321,1.085615,,True,missing,,,,,,,,
lfr__Drop_Ref__Droplet_Generator_4__Droplet_Generator_4_fromLFR,lfr,Drop_Ref/Droplet_Generator_4/Droplet_Generator_4_fromLFR.json,success,1.22,0.979761,,True,missing,,,,,,,,
lfr__Drop_Ref__Dropx_Test_1__Dropx_Test_1_fromLFR,lfr,Drop_Ref/Dropx_Test_1/Dropx_Test_1_fromLFR.json,success,0.969,0.745971,,True,missing,,,,,,,,
lfr__Drop_Ref__Dropx_Test_2__Dropx_Test_2_fromLFR,lfr,Drop_Ref/Dropx_Test_2/Dropx_Test_2_fromLFR.json,success,1.07,0.864303,,True,missing,,,,,,,,
lfr__Drop_Ref__Dropx_Test_3__Dropx_Test_3_fromLFR,lfr,Drop_Ref/Dropx_Test_3/Dropx_Test_3_fromLFR.json,success,1.171,0.909477,,True,missing,,,,,,,,
lfr__Drop_Ref__Dropx_Test_4__Dropx_Test_4_fromLFR,lfr,Drop_Ref/Dropx_Test_4/Dropx_Test_4_fromLFR.json,success,1.02,0.803039,,True,missing,,,,,,,,
lfr__Drop_Ref__Dx_10__Dx_10_fromLFR,lfr,Drop_Ref/Dx_10/Dx_10_fromLFR.json,success,1.02,0.7892,,True,missing,,,,,,,,
lfr__Drop_Ref__Dx_11__Dx_11_fromLFR,lfr,Drop_Ref/Dx_11/Dx_11_fromLFR.json,success,1.17,0.920892,,True,missing,,,,,,,,
lfr__Drop_Ref__Dx_12__Dx_12_fromLFR,lfr,Drop_Ref/Dx_12/Dx_12_fromLFR.json,success,1.121,0.914574,,True,missing,,,,,,,,
lfr__Drop_Ref__Dx_13__Dx_13_fromLFR,lfr,Drop_Ref/Dx_13/Dx_13_fromLFR.json,success,1.27,1.02589,,True,missing,,,,,,,,
lfr__Drop_Ref__Dx_14__Dx_14_fromLFR,lfr,Drop_Ref/Dx_14/Dx_14_fromLFR.json,success,1.02,0.795284,,True,missing,,,,,,,,
lfr__Drop_Ref__Dx_15__Dx_15_fromLFR,lfr,Drop_Ref/Dx_15/Dx_15_fromLFR.json,success,1.07,0.803246,,True,missing,,,,,,,,
lfr__Drop_Ref__Dx_1__Dx_1_fromLFR,lfr,Drop_Ref/Dx_1/Dx_1_fromLFR.json,success,1.069,0.868254,,True,missing,,,,,,,,
lfr__Drop_Ref__Dx_2__Dx_2_fromLFR,lfr,Drop_Ref/Dx_2/Dx_2_fromLFR.json,success,1.12,0.919749,,True,missing,,,,,,,,
lfr__Drop_Ref__Dx_3__Dx_3_fromLFR,lfr,Drop_Ref/Dx_3/Dx_3_fromLFR.json,success,1.119,0.882922,,True,missing,,,,,,,,
lfr__Drop_Ref__Dx_4__Dx_4_fromLFR,lfr,Drop_Ref/Dx_4/Dx_4_fromLFR.json,success,1.32,1.064894,,True,missing,,,,,,,,
lfr__Drop_Ref__Dx_5__Dx_5_fromLFR,lfr,Drop_Ref/Dx_5/Dx_5_fromLFR.json,success,1.17,0.960871,,True,missing,,,,,,,,
lfr__Drop_Ref__Dx_6__Dx_6_fromLFR,lfr,Drop_Ref/Dx_6/Dx_6_fromLFR.json,success,1.069,0.829182,,True,missing,,,,,,,,
lfr__Drop_Ref__Dx_7__Dx_7_fromLFR,lfr,Drop_Ref/Dx_7/Dx_7_fromLFR.json,success,1.22,0.984447,,True,missing,,,,,,,,
lfr__Drop_Ref__Dx_8__Dx_8_fromLFR,lfr,Drop_Ref/Dx_8/Dx_8_fromLFR.json,success,1.22,1.020884,,True,missing,,,,,,,,
lfr__Drop_Ref__Dx_9__Dx_9_fromLFR,lfr,Drop_Ref/Dx_9/Dx_9_fromLFR.json,success,1.169,0.942842,,True,missing,,,,,,,,
lfr__Expressions__Expression_10__Expression_10_fromLFR,lfr,Expressions/Expression_10/Expression_10_fromLFR.json,success,1.02,0.798646,,True,missing,,,,,,,,
lfr__Expressions__Expression_11__Expression_11_fromLFR,lfr,Expressions/Expression_11/Expression_11_fromLFR.json,success,0.968,0.725673,,True,missing,,,,,,,,
lfr__Expressions__Expression_12__Expression_12_fromLFR,lfr,Expressions/Expression_12/Expression_12_fromLFR.json,success,1.52,1.294576,,True,missing,,,,,,,,
lfr__Expressions__Expression_13__Expression_13_fromLFR,lfr,Expressions/Expression_13/Expression_13_fromLFR.json,success,0.968,0.731178,,True,missing,,,,,,,,
lfr__Expressions__Expression_14__Expression_14_fromLFR,lfr,Expressions/Expression_14/Expression_14_fromLFR.json,success,2.224,1.986185,,True,missing,,,,,,,,
lfr__Expressions__Expression_15__Expression_15_fromLFR,lfr,Expressions/Expression_15/Expression_15_fromLFR.json,success,1.22,1.004931,,True,missing,,,,,,,,
lfr__Expressions__Expression_1__Expression_1_fromLFR,lfr,Expressions/Expression_1/Expression_1_fromLFR.json,success,1.069,0.861833,,True,missing,,,,,,,,
lfr__Expressions__Expression_2__Expression_2_fromLFR,lfr,Expressions/Expression_2/Expression_2_fromLFR.json,success,1.019,0.780816,,True,missing,,,,,,,,
lfr__Expressions__Expression_3__Expression_3_fromLFR,lfr,Expressions/Expression_3/Expression_3_fromLFR.json,success,1.019,0.781551,,True,missing,,,,,,,,
lfr__Expressions__Expression_4__Expression_4_fromLFR,lfr,Expressions/Expression_4/Expression_4_fromLFR.json,success,1.019,0.803052,,True,missing,,,,,,,,
lfr__Expressions__Expression_5__Expression_5_fromLFR,lfr,Expressions/Expression_5/Expression_5_fromLFR.json,success,1.02,0.816715,,True,missing,,,,,,,,
lfr__Expressions__Expression_6__Expression_6_fromLFR,lfr,Expressions/Expression_6/Expression_6_fromLFR.json,success,1.119,0.873671,,True,missing,,,,,,,,
lfr__Expressions__Expression_7__Expression_7_fromLFR,lfr,Expressions/Expression_7/Expression_7_fromLFR.json,success,1.169,0.933035,,True,missing,,,,,,,,
lfr__Expressions__Expression_8__Expression_8_fromLFR,lfr,Expressions/Expression_8/Expression_8_fromLFR.json,success,1.119,0.874088,,True,missing,,,,,,,,
lfr__Expressions__Expression_9__Expression_9_fromLFR,lfr,Expressions/Expression_9/Expression_9_fromLFR.json,success,1.02,0.797607,,True,missing,,,,,,,,
lfr__Ghissues__Issue_10__Issue_10_fromLFR,lfr,Ghissues/Issue_10/Issue_10_fromLFR.json,success,6.335,6.122927,,True,missing,,,,,,,,
lfr__Ghissues__Issue_15__Issue_15_fromLFR,lfr,Ghissues/Issue_15/Issue_15_fromLFR.json,success,1.02,0.800903,,True,missing,,,,,,,,
lfr__Ghissues__Issue_2__Issue_2_fromLFR,lfr,Ghissues/Issue_2/Issue_2_fromLFR.json,success,0.919,0.685018,,True,missing,,,,,,,,
lfr__Ghissues__Issue_3__Issue_3_fromLFR,lfr,Ghissues/Issue_3/Issue_3_fromLFR.json,success,1.32,1.097035,,True,missing,,,,,,,,
lfr__Ghissues__Issue_6__Issue_6_fromLFR,lfr,Ghissues/Issue_6/Issue_6_fromLFR.json,success,7.79,7.542086,,True,missing,,,,,,,,
lfr__Ghissues__Issue_7__Issue_7_fromLFR,lfr,Ghissues/Issue_7/Issue_7_fromLFR.json,success,1.971,1.716544,,True,missing,,,,,,,,
lfr__Ghissues__Issue_8__Issue_8_fromLFR,lfr,Ghissues/Issue_8/Issue_8_fromLFR.json,success,2.072,1.847418,,True,missing,,,,,,,,
lfr__Ghissues__Issue_9__Issue_9_fromLFR,lfr,Ghissues/Issue_9/Issue_9_fromLFR.json,success,11.951,11.710373,,True,missing,,,,,,,,
lfr__Graph_Coverage__Tree_Fanin__Tree_Fanin_fromLFR,lfr,Graph_Coverage/Tree_Fanin/Tree_Fanin_fromLFR.json,success,1.069,0.848434,,True,missing,,,,,,,,
lfr__Graph_Coverage__Tree_Fanout__Tree_Fanout_fromLFR,lfr,Graph_Coverage/Tree_Fanout/Tree_Fanout_fromLFR.json,success,1.12,0.87989,,True,missing,,,,,,,,
lfr__Literature_Benchmarks__Device_1_Sc_Rna_Seq__Device_1_Sc_Rna_Seq_fromLFR,lfr,Literature_Benchmarks/Device_1_Sc_Rna_Seq/Device_1_Sc_Rna_Seq_fromLFR.json,success,1.069,0.830656,,True,missing,,,,,,,,
lfr__Literature_Benchmarks__Device_2_Artificial_Cells__Device_2_Artificial_Cells_fromLFR,lfr,Literature_Benchmarks/Device_2_Artificial_Cells/Device_2_Artificial_Cells_fromLFR.json,success,53.63,53.380183,,True,missing,,,,,,,,
lfr__Literature_Benchmarks__Device_4_Molecular_Diagnostics__Device_4_Molecular_Diagnostics_fromLFR,lfr,Literature_Benchmarks/Device_4_Molecular_Diagnostics/Device_4_Molecular_Diagnostics_fromLFR.json,success,1.119,0.884525,,True,missing,,,,,,,,
lfr__Literature_Benchmarks__Device_5_Bacteria_Diagnostics__Device_5_Bacteria_Diagnostics_fromLFR,lfr,Literature_Benchmarks/Device_5_Bacteria_Diagnostics/Device_5_Bacteria_Diagnostics_fromLFR.json,success,1.721,1.506269,,True,missing,,,,,,,,
lfr__Literature_Benchmarks__Device_6_Organic_Chemical_Synthesis__Device_6_Organic_Chemical_Synthesis_fromLFR,lfr,Literature_Benchmarks/Device_6_Organic_Chemical_Synthesis/Device_6_Organic_Chemical_Synthesis_fromLFR.json,success,15.06,14.766328,,True,missing,,,,,,,,
lfr__Literature_Benchmarks__Device_7_Enzyme_Screening__Device_7_Enzyme_Screening_fromLFR,lfr,Literature_Benchmarks/Device_7_Enzyme_Screening/Device_7_Enzyme_Screening_fromLFR.json,success,32.764,32.53139,,True,missing,,,,,,,,
lfr__Mars__Antibiotic_Resistance__Antibiotic_Resistance_fromLFR,lfr,Mars/Antibiotic_Resistance/Antibiotic_Resistance_fromLFR.json,success,1.17,0.924471,,True,missing,,,,,,,,
lfr__Mars__Cell_Lysis__Cell_Lysis_fromLFR,lfr,Mars/Cell_Lysis/Cell_Lysis_fromLFR.json,success,1.018,0.798943,,True,missing,,,,,,,,
lfr__Mars__Dna_Digest__Dna_Digest_fromLFR,lfr,Mars/Dna_Digest/Dna_Digest_fromLFR.json,success,2.574,2.326114,,True,missing,,,,,,,,
lfr__Mars__Fluorescence__Fluorescence_fromLFR,lfr,Mars/Fluorescence/Fluorescence_fromLFR.json,success,1.671,1.444158,,True,missing,,,,,,,,
lfr__Mars__Ligation__Ligation_fromLFR,lfr,Mars/Ligation/Ligation_fromLFR.json,success,4.127,3.867287,,True,missing,,,,,,,,
lfr__Mars__Pcr__Pcr_fromLFR,lfr,Mars/Pcr/Pcr_fromLFR.json,success,1.12,0.886068,,True,missing,,,,,,,,
lfr__Mars__Sorting__Sorting_fromLFR,lfr,Mars/Sorting/Sorting_fromLFR.json,success,0.969,0.726149,,True,missing,,,,,,,,
lfr__Mars__Transformation__Transformation_fromLFR,lfr,Mars/Transformation/Transformation_fromLFR.json,success,1.119,0.884309,,True,missing,,,,,,,,
lfr__Protocols__Cell_Sorting__Cell_Sorting_fromLFR,lfr,Protocols/Cell_Sorting/Cell_Sorting_fromLFR.json,success,0.969,0.730391,,True,missing,,,,,,,,
lfr__Protocols__Directed_Evolution__Directed_Evolution_fromLFR,lfr,Protocols/Directed_Evolution/Directed_Evolution_fromLFR.json,success,4.028,3.788196,,True,missing,,,,,,,,
lfr__Technology_Mapping__Cycle__Cycle_fromLFR,lfr,Technology_Mapping/Cycle/Cycle_fromLFR.json,success,1.02,0.763529,,True,missing,,,,,,,,
lfr__Technology_Mapping__Instance_Mapping__Instance_Mapping_fromLFR,lfr,Technology_Mapping/Instance_Mapping/Instance_Mapping_fromLFR.json,success,0.919,0.68075,,True,missing,,,,,,,,
lfr__Technology_Mapping__N_Greater_M_Map__N_Greater_M_Map_fromLFR,lfr,Technology_Mapping/N_Greater_M_Map/N_Greater_M_Map_fromLFR.json,success,1.12,0.891481,,True,missing,,,,,,,,
lfr__Technology_Mapping__N_Less_M_Map__N_Less_M_Map_fromLFR,lfr,Technology_Mapping/N_Less_M_Map/N_Less_M_Map_fromLFR.json,success,1.119,0.892059,,True,missing,,,,,,,,
lfr__Technology_Mapping__One_To_One_Mapping__One_To_One_Mapping_fromLFR,lfr,Technology_Mapping/One_To_One_Mapping/One_To_One_Mapping_fromLFR.json,success,0.969,0.714777,,True,missing,,,,,,,,
lfr__Technology_Mapping__Tree_Bus__Tree_Bus_fromLFR,lfr,Technology_Mapping/Tree_Bus/Tree_Bus_fromLFR.json,success,1.119,0.883673,,True,missing,,,,,,,,
lfr__Technology_Mapping__Tree_Fanin_Mapping__Tree_Fanin_Mapping_fromLFR,lfr,Technology_Mapping/Tree_Fanin_Mapping/Tree_Fanin_Mapping_fromLFR.json,success,1.169,0.920914,,True,missing,,,,,,,,
lfr__Technology_Mapping__Tree_Fanout_Mapping_1__Tree_Fanout_Mapping_1_fromLFR,lfr,Technology_Mapping/Tree_Fanout_Mapping_1/Tree_Fanout_Mapping_1_fromLFR.json,success,1.169,0.921878,,True,missing,,,,,,,,
lfr__Technology_Mapping__Tree_Fanout_Mapping_2__Tree_Fanout_Mapping_2_fromLFR,lfr,Technology_Mapping/Tree_Fanout_Mapping_2/Tree_Fanout_Mapping_2_fromLFR.json,success,1.07,0.868571,,True,missing,,,,,,,,
lfr__Technology_Mapping__Tree_Fanout_Mapping_3__Tree_Fanout_Mapping_3_fromLFR,lfr,Technology_Mapping/Tree_Fanout_Mapping_3/Tree_Fanout_Mapping_3_fromLFR.json,success,1.119,0.898105,,True,missing,,,,,,,,
lfr__Technology_Mapping__Tree_Storage_Bus_Mapping__Tree_Storage_Bus_Mapping_fromLFR,lfr,Technology_Mapping/Tree_Storage_Bus_Mapping/Tree_Storage_Bus_Mapping_fromLFR.json,success,2.624,2.372295,,True,missing,,,,,,,,
lfr__Transport_Networks__Distribute_Network_Examples__Distribute_Network_Examples_fromLFR,lfr,Transport_Networks/Distribute_Network_Examples/Distribute_Network_Examples_fromLFR.json,success,5.984,5.734506,,True,missing,,,,,,,,
lfr__Transport_Networks__One_To_8__One_To_8_fromLFR,lfr,Transport_Networks/One_To_8/One_To_8_fromLFR.json,success,6.034,5.771417,,True,missing,,,,,,,,
lfr__Transport_Networks__One_To_One__One_To_One_fromLFR,lfr,Transport_Networks/One_To_One/One_To_One_fromLFR.json,success,0.969,0.726794,,True,missing,,,,,,,,
mint__Base__Crossing_H__Crossing_H_fromMINT,mint,Base/Crossing_H/Crossing_H_fromMINT.json,success,4.33,4.108944,,True,missing,,,,,,,,
mint__Base__Crossing_V__Crossing_V_fromMINT,mint,Base/Crossing_V/Crossing_V_fromMINT.json,success,1.521,1.281453,,True,missing,,,,,,,,
mint__Base__Grad_Gen_H__Grad_Gen_H_fromMINT,mint,Base/Grad_Gen_H/Grad_Gen_H_fromMINT.json,success,1.219,0.968746,,True,missing,,,,,,,,
mint__Base__Grad_Gen_V__Grad_Gen_V_fromMINT,mint,Base/Grad_Gen_V/Grad_Gen_V_fromMINT.json,success,1.226,0.982044,,True,missing,,,,,,,,
mint__Base__Grid_4_Mixer__Grid_4_Mixer_fromMINT,mint,Base/Grid_4_Mixer/Grid_4_Mixer_fromMINT.json,success,235.713,235.456795,,True,missing,,,,,,,,
mint__Base__Horizontal_MUX_01__Horizontal_MUX_01_fromMINT,mint,Base/Horizontal_MUX_01/Horizontal_MUX_01_fromMINT.json,success,1.17,0.917679,,True,missing,,,,,,,,
mint__Base__Logic_Test_01__Logic_Test_01_fromMINT,mint,Base/Logic_Test_01/Logic_Test_01_fromMINT.json,success,1.02,0.80474,,True,missing,,,,,,,,
mint__Base__Logic_Test_02__Logic_Test_02_fromMINT,mint,Base/Logic_Test_02/Logic_Test_02_fromMINT.json,success,1.169,0.948321,,True,missing,,,,,,,,
mint__Base__Logic_Test_03__Logic_Test_03_fromMINT,mint,Base/Logic_Test_03/Logic_Test_03_fromMINT.json,success,1.32,1.076078,,True,missing,,,,,,,,
mint__Base__Long_Cell_Trap_Two_Port__Long_Cell_Trap_Two_Port_fromMINT,mint,Base/Long_Cell_Trap_Two_Port/Long_Cell_Trap_Two_Port_fromMINT.json,success,0.919,0.709399,,True,missing,,,,,,,,
mint__Base__MUX_8__MUX_8_fromMINT,mint,Base/MUX_8/MUX_8_fromMINT.json,success,1.119,0.874108,,True,missing,,,,,,,,
mint__Base__Net_Multi_Test__Net_Multi_Test_fromMINT,mint,Base/Net_Multi_Test/Net_Multi_Test_fromMINT.json,success,1.169,0.966096,,True,missing,,,,,,,,
mint__Base__Net_Test__Net_Test_fromMINT,mint,Base/Net_Test/Net_Test_fromMINT.json,success,0.968,0.737266,,True,missing,,,,,,,,
mint__Base__Net_Valve_Test__Net_Valve_Test_fromMINT,mint,Base/Net_Valve_Test/Net_Valve_Test_fromMINT.json,success,2.172,1.951339,,True,missing,,,,,,,,
mint__Base__Node_Long_Cell_Trap_01__Node_Long_Cell_Trap_01_fromMINT,mint,Base/Node_Long_Cell_Trap_01/Node_Long_Cell_Trap_01_fromMINT.json,success,1.219,0.970998,,True,missing,,,,,,,,
mint__Base__Node_Long_Cell_Trap_02__Node_Long_Cell_Trap_02_fromMINT,mint,Base/Node_Long_Cell_Trap_02/Node_Long_Cell_Trap_02_fromMINT.json,success,1.219,0.97771,,True,missing,,,,,,,,
mint__Base__Node_Long_Cell_Trap_03__Node_Long_Cell_Trap_03_fromMINT,mint,Base/Node_Long_Cell_Trap_03/Node_Long_Cell_Trap_03_fromMINT.json,success,1.22,0.98093,,True,missing,,,,,,,,
mint__Base__Node_Long_Cell_Trap_04__Node_Long_Cell_Trap_04_fromMINT,mint,Base/Node_Long_Cell_Trap_04/Node_Long_Cell_Trap_04_fromMINT.json,success,1.069,0.827638,,True,missing,,,,,,,,
mint__Base__Node_Test_01__Node_Test_01_fromMINT,mint,Base/Node_Test_01/Node_Test_01_fromMINT.json,success,1.369,1.123964,,True,missing,,,,,,,,
mint__Base__Nonplanar__Nonplanar_fromMINT,mint,Base/Nonplanar/Nonplanar_fromMINT.json,success,0.969,0.7419,,True,missing,,,,,,,,
mint__Base__Port_Bank_01__Port_Bank_01_fromMINT,mint,Base/Port_Bank_01/Port_Bank_01_fromMINT.json,success,0.818,0.595372,,True,missing,,,,,,,,
mint__Base__Port_Multi_Connection__Port_Multi_Connection_fromMINT,mint,Base/Port_Multi_Connection/Port_Multi_Connection_fromMINT.json,success,0.969,0.731353,,True,missing,,,,,,,,
mint__Base__Square_Cell_Trap_Chambers__Square_Cell_Trap_Chambers_fromMINT,mint,Base/Square_Cell_Trap_Chambers/Square_Cell_Trap_Chambers_fromMINT.json,success,2.373,2.101958,,True,missing,,,,,,,,
mint__Base__Square_Cell_Trap_Ports__Square_Cell_Trap_Ports_fromMINT,mint,Base/Square_Cell_Trap_Ports/Square_Cell_Trap_Ports_fromMINT.json,success,1.37,1.131727,,True,missing,,,,,,,,
mint__Base__Super_MUX_1024__Super_MUX_1024_fromMINT,mint,Base/Super_MUX_1024/Super_MUX_1024_fromMINT.json,success,35.471,34.731619,,True,missing,,,,,,,,
mint__Base__Super_MUX_128__Super_MUX_128_fromMINT,mint,Base/Super_MUX_128/Super_MUX_128_fromMINT.json,success,4.275,4.000468,,True,missing,,,,,,,,
mint__Base__Super_MUX_16__Super_MUX_16_fromMINT,mint,Base/Super_MUX_16/Super_MUX_16_fromMINT.json,success,1.327,1.059133,,True,missing,,,,,,,,
mint__Base__Super_MUX_256__Super_MUX_256_fromMINT,mint,Base/Super_MUX_256/Super_MUX_256_fromMINT.json,success,7.941,7.573082,,True,missing,,,,,,,,
mint__Base__Super_MUX_2__Super_MUX_2_fromMINT,mint,Base/Super_MUX_2/Super_MUX_2_fromMINT.json,success,0.969,0.736197,,True,missing,,,,,,,,
mint__Base__Super_MUX_32__Super_MUX_32_fromMINT,mint,Base/Super_MUX_32/Super_MUX_32_fromMINT.json,success,1.722,1.509601,,True,missing,,,,,,,,
mint__Base__Super_MUX_4__Super_MUX_4_fromMINT,mint,Base/Super_MUX_4/Super_MUX_4_fromMINT.json,success,1.019,0.792272,,True,missing,,,,,,,,
mint__Base__Super_MUX_512__Super_MUX_512_fromMINT,mint,Base/Super_MUX_512/Super_MUX_512_fromMINT.json,success,16.314,15.841433,,True,missing,,,,,,,,
mint__Base__Super_MUX_64__Super_MUX_64_fromMINT,mint,Base/Super_MUX_64/Super_MUX_64_fromMINT.json,success,2.523,2.239518,,True,missing,,,,,,,,
mint__Base__Super_MUX_8__Super_MUX_8_fromMINT,mint,Base/Super_MUX_8/Super_MUX_8_fromMINT.json,success,1.172,0.914225,,True,missing,,,,,,,,
mint__Base__Test_MUX_01__Test_MUX_01_fromMINT,mint,Base/Test_MUX_01/Test_MUX_01_fromMINT.json,success,2.825,2.574082,,True,missing,,,,,,,,
mint__Base__Test_MUX_02__Test_MUX_02_fromMINT,mint,Base/Test_MUX_02/Test_MUX_02_fromMINT.json,success,1.22,0.969721,,True,missing,,,,,,,,
mint__Base__Three_Port_Channel__Three_Port_Channel_fromMINT,mint,Base/Three_Port_Channel/Three_Port_Channel_fromMINT.json,success,0.969,0.712345,,True,missing,,,,,,,,
mint__Base__Transposer_Test__Transposer_Test_fromMINT,mint,Base/Transposer_Test/Transposer_Test_fromMINT.json,success,2.173,1.945135,,True,missing,,,,,,,,
mint__Base__Tree_Test_01__Tree_Test_01_fromMINT,mint,Base/Tree_Test_01/Tree_Test_01_fromMINT.json,success,1.822,1.59345,,True,missing,,,,,,,,
mint__Base__Tree_Test_02__Tree_Test_02_fromMINT,mint,Base/Tree_Test_02/Tree_Test_02_fromMINT.json,success,1.02,0.768533,,True,missing,,,,,,,,
mint__Base__Tree_Valve_Test__Tree_Valve_Test_fromMINT,mint,Base/Tree_Valve_Test/Tree_Valve_Test_fromMINT.json,success,1.421,1.192654,,True,missing,,,,,,,,
mint__CIDAR_Lab_Past_Devices__Chemostat_Chip__Chemostat_Chip_fromMINT,mint,CIDAR_Lab_Past_Devices/Chemostat_Chip/Chemostat_Chip_fromMINT.json,fail,0.567,0.364571,"ValueError: Invalid layer-1 topology: sink endpoint component 'valve_0', port '1' is driven by multiple source components; connection ids=['Ctrlchannel_0', 'Ctrlchannel_1', 'Ctrlchannel_2', 'Ctrlchannel_3', 'Ctrlchannel_4', 'Ctrlchannel_5', 'Ctrlchannel_6', 'Ctrlchannel_7', 'Ctrlchannel_8', 'Ctrlchannel_9', 'Ctrlchannel_10', 'Ctrlchannel_11', 'Ctrlchannel_12', 'Ctrlchannel_13', 'Ctrlchannel_14', 'Ctrlchannel_15', 'Ctrlchannel_16', 'Ctrlchannel_17', 'Ctrlchannel_18', 'Ctrlchannel_19', 'Ctrlchannel_20', 'Ctrlchannel_21', 'Ctrlchannel_22', 'Ctrlchannel_23']; source ids=['Cport_0', 'Cport_1', 'Cport_2', 'Cport_3', 'Cport_4', 'Cport_5', 'Cport_6', 'Cport_7', 'Cport_8', 'Cport_9', 'Cport_10', 'Cport_11', 'Cport_12', 'Cport_13', 'Cport_14', 'Cport_15', 'Cport_16', 'Cport_17', 'Cport_18', 'Cport_19', 'Cport_20', 'Cport_21', 'Cport_22', 'Cport_23']",,missing,,,,,,,,
mint__CIDAR_Lab_Past_Devices__Dna_Synthesizer__Dna_Synthesizer_fromMINT,mint,CIDAR_Lab_Past_Devices/Dna_Synthesizer/Dna_Synthesizer_fromMINT.json,fail,0.568,0.359488,"ValueError: Invalid layer-1 topology: sink endpoint component 'valve_0', port '1' is driven by multiple source components; connection ids=['Ctrlchannel_0', 'Ctrlchannel_1', 'Ctrlchannel_2', 'Ctrlchannel_3', 'Ctrlchannel_4', 'Ctrlchannel_5', 'Ctrlchannel_6', 'Ctrlchannel_7', 'Ctrlchannel_8', 'Ctrlchannel_9', 'Ctrlchannel_10', 'Ctrlchannel_11', 'Ctrlchannel_12', 'Ctrlchannel_13', 'Ctrlchannel_14', 'Ctrlchannel_15']; source ids=['Cport_0', 'Cport_1', 'Cport_2', 'Cport_3', 'Cport_4', 'Cport_5', 'Cport_6', 'Cport_7', 'Cport_8', 'Cport_9', 'Cport_10', 'Cport_11', 'Cport_12', 'Cport_13', 'Cport_14', 'Cport_15']",,missing,,,,,,,,
mint__CIDAR_Lab_Past_Devices__Droplet_Merger_Simple__Droplet_Merger_Simple_fromMINT,mint,CIDAR_Lab_Past_Devices/Droplet_Merger_Simple/Droplet_Merger_Simple_fromMINT.json,success,1.12,0.895704,,True,missing,,,,,,,,
mint__CIDAR_Lab_Past_Devices__Dual_Lane_Droplet__Dual_Lane_Droplet_fromMINT,mint,CIDAR_Lab_Past_Devices/Dual_Lane_Droplet/Dual_Lane_Droplet_fromMINT.json,success,2.424,2.186982,,True,missing,,,,,,,,
mint__CIDAR_Lab_Past_Devices__Flow_Focus__Flow_Focus_fromMINT,mint,CIDAR_Lab_Past_Devices/Flow_Focus/Flow_Focus_fromMINT.json,success,0.969,0.72696,,True,missing,,,,,,,,
mint__CIDAR_Lab_Past_Devices__Genetic_Clock_Testing_Tool__Genetic_Clock_Testing_Tool_fromMINT,mint,CIDAR_Lab_Past_Devices/Genetic_Clock_Testing_Tool/Genetic_Clock_Testing_Tool_fromMINT.json,success,1.12,0.873544,,True,missing,,,,,,,,
mint__CIDAR_Lab_Past_Devices__Glycoform__Glycoform_fromMINT,mint,CIDAR_Lab_Past_Devices/Glycoform/Glycoform_fromMINT.json,success,1.169,0.933054,,True,missing,,,,,,,,
mint__CIDAR_Lab_Past_Devices__Grad_Cells__Grad_Cells_fromMINT,mint,CIDAR_Lab_Past_Devices/Grad_Cells/Grad_Cells_fromMINT.json,fail,0.568,0.364351,"ValueError: Invalid layer-1 topology: sink endpoint component 'valve_0', port '1' is driven by multiple source components; connection ids=['Ctrlchannel_0', 'Ctrlchannel_1']; source ids=['Cport_0', 'Cport_1']",,missing,,,,,,,,
mint__CIDAR_Lab_Past_Devices__Gradient__Gradient_fromMINT,mint,CIDAR_Lab_Past_Devices/Gradient/Gradient_fromMINT.json,success,2.123,1.863498,,True,missing,,,,,,,,
mint__CIDAR_Lab_Past_Devices__Grid_02__Grid_02_fromMINT,mint,CIDAR_Lab_Past_Devices/Grid_02/Grid_02_fromMINT.json,success,2.073,1.845239,,True,missing,,,,,,,,
mint__CIDAR_Lab_Past_Devices__Hasty_Cell_Traps__Hasty_Cell_Traps_fromMINT,mint,CIDAR_Lab_Past_Devices/Hasty_Cell_Traps/Hasty_Cell_Traps_fromMINT.json,success,0.97,0.749638,,True,missing,,,,,,,,
mint__CIDAR_Lab_Past_Devices__Hmlp_Dual_Bank__Hmlp_Dual_Bank_fromMINT,mint,CIDAR_Lab_Past_Devices/Hmlp_Dual_Bank/Hmlp_Dual_Bank_fromMINT.json,fail,0.568,0.359937,"ValueError: Invalid layer-1 topology: sink endpoint component 'valve_0', port '1' is driven by multiple source components; connection ids=['Ctrlchannel_0', 'Ctrlchannel_1', 'Ctrlchannel_2', 'Ctrlchannel_3', 'Ctrlchannel_4', 'Ctrlchannel_5', 'Ctrlchannel_6']; source ids=['Cport_0', 'Cport_1', 'Cport_2', 'Cport_3', 'Cport_4', 'Cport_5', 'Cport_6']",,missing,,,,,,,,
mint__CIDAR_Lab_Past_Devices__Incubator__Incubator_fromMINT,mint,CIDAR_Lab_Past_Devices/Incubator/Incubator_fromMINT.json,fail,0.518,0.345559,"ValueError: Invalid layer-1 topology: sink endpoint component 'valve_0', port '1' is driven by multiple source components; connection ids=['Ctrlchannel_0', 'Ctrlchannel_1', 'Ctrlchannel_2', 'Ctrlchannel_3', 'Ctrlchannel_4', 'Ctrlchannel_5', 'Ctrlchannel_6', 'Ctrlchannel_7', 'Ctrlchannel_8', 'Ctrlchannel_9', 'Ctrlchannel_10', 'Ctrlchannel_11', 'Ctrlchannel_12', 'Ctrlchannel_13', 'Ctrlchannel_14', 'Ctrlchannel_15', 'Ctrlchannel_16']; source ids=['Cport_0', 'Cport_1', 'Cport_2', 'Cport_3', 'Cport_4', 'Cport_5', 'Cport_6', 'Cport_7', 'Cport_8', 'Cport_9', 'Cport_10', 'Cport_11', 'Cport_12', 'Cport_13', 'Cport_14', 'Cport_15', 'Cport_16']",,missing,,,,,,,,
mint__CIDAR_Lab_Past_Devices__Inlet_16__Inlet_16_fromMINT,mint,CIDAR_Lab_Past_Devices/Inlet_16/Inlet_16_fromMINT.json,fail,0.568,0.35954,"ValueError: Invalid layer-1 topology: sink endpoint component 'valve_0', port '1' is driven by multiple source components; connection ids=['Ctrlchannel_0', 'Ctrlchannel_1', 'Ctrlchannel_2', 'Ctrlchannel_3', 'Ctrlchannel_4', 'Ctrlchannel_5', 'Ctrlchannel_6']; source ids=['Cport_0', 'Cport_1', 'Cport_2', 'Cport_3', 'Cport_4', 'Cport_5', 'Cport_6']",,missing,,,,,,,,
mint__CIDAR_Lab_Past_Devices__Kinetics__Kinetics_fromMINT,mint,CIDAR_Lab_Past_Devices/Kinetics/Kinetics_fromMINT.json,success,1.019,0.769274,,True,missing,,,,,,,,
mint__CIDAR_Lab_Past_Devices__Logic_04__Logic_04_fromMINT,mint,CIDAR_Lab_Past_Devices/Logic_04/Logic_04_fromMINT.json,fail,0.568,0.361224,"ValueError: Invalid layer-1 topology: sink endpoint component 'valve_0', port '1' is driven by multiple source components; connection ids=['Ctrlchannel_0', 'Ctrlchannel_1', 'Ctrlchannel_2', 'Ctrlchannel_3', 'Ctrlchannel_4', 'Ctrlchannel_5', 'Ctrlchannel_6', 'Ctrlchannel_7']; source ids=['Cport_0', 'Cport_1', 'Cport_2', 'Cport_3', 'Cport_4', 'Cport_5', 'Cport_6', 'Cport_7']",,missing,,,,,,,,
mint__CIDAR_Lab_Past_Devices__MUX_96_Chambers__MUX_96_Chambers_fromMINT,mint,CIDAR_Lab_Past_Devices/MUX_96_Chambers/MUX_96_Chambers_fromMINT.json,success,5.131,4.825286,,True,missing,,,,,,,,
mint__CIDAR_Lab_Past_Devices__Mfd_005_Chip__Mfd_005_Chip_fromMINT,mint,CIDAR_Lab_Past_Devices/Mfd_005_Chip/Mfd_005_Chip_fromMINT.json,success,1.119,0.910392,,True,missing,,,,,,,,
mint__CIDAR_Lab_Past_Devices__Microalgal_Bioassay__Microalgal_Bioassay_fromMINT,mint,CIDAR_Lab_Past_Devices/Microalgal_Bioassay/Microalgal_Bioassay_fromMINT.json,success,1.12,0.908265,,True,missing,,,,,,,,
mint__CIDAR_Lab_Past_Devices__Microdroplet__Microdroplet_fromMINT,mint,CIDAR_Lab_Past_Devices/Microdroplet/Microdroplet_fromMINT.json,fail,0.568,0.358586,"ValueError: Invalid layer-1 topology: sink endpoint component 'valve_0', port '1' is driven by multiple source components; connection ids=['Ctrlchannel_0', 'Ctrlchannel_1', 'Ctrlchannel_2', 'Ctrlchannel_3', 'Ctrlchannel_4', 'Ctrlchannel_5', 'Ctrlchannel_6', 'Ctrlchannel_7', 'Ctrlchannel_8']; source ids=['Cport_0', 'Cport_1', 'Cport_2', 'Cport_3', 'Cport_4', 'Cport_5', 'Cport_6', 'Cport_7', 'Cport_8']",,missing,,,,,,,,
mint__CIDAR_Lab_Past_Devices__Microreactor__Microreactor_fromMINT,mint,CIDAR_Lab_Past_Devices/Microreactor/Microreactor_fromMINT.json,fail,0.568,0.360552,"ValueError: Invalid layer-1 topology: sink endpoint component 'valve_0', port '1' is driven by multiple source components; connection ids=['Ctrlchannel_0', 'Ctrlchannel_1', 'Ctrlchannel_2', 'Ctrlchannel_3', 'Ctrlchannel_4', 'Ctrlchannel_5', 'Ctrlchannel_6', 'Ctrlchannel_7', 'Ctrlchannel_8', 'Ctrlchannel_9']; source ids=['Cport_0', 'Cport_1', 'Cport_2', 'Cport_3', 'Cport_4', 'Cport_5', 'Cport_6', 'Cport_7', 'Cport_8', 'Cport_9']",,missing,,,,,,,,
mint__CIDAR_Lab_Past_Devices__Mix_Incubate_Express__Mix_Incubate_Express_fromMINT,mint,CIDAR_Lab_Past_Devices/Mix_Incubate_Express/Mix_Incubate_Express_fromMINT.json,success,1.023,0.774777,,True,missing,,,,,,,,
mint__CIDAR_Lab_Past_Devices__Mixer_Trap_Simple__Mixer_Trap_Simple_fromMINT,mint,CIDAR_Lab_Past_Devices/Mixer_Trap_Simple/Mixer_Trap_Simple_fromMINT.json,success,0.969,0.72948,,True,missing,,,,,,,,
mint__CIDAR_Lab_Past_Devices__Multi_Input__Multi_Input_fromMINT,mint,CIDAR_Lab_Past_Devices/Multi_Input/Multi_Input_fromMINT.json,fail,0.568,0.359127,"ValueError: Invalid layer-1 topology: sink endpoint component 'valve_0', port '1' is driven by multiple source components; connection ids=['Ctrlchannel_0', 'Ctrlchannel_1', 'Ctrlchannel_2']; source ids=['Cport_0', 'Cport_1', 'Cport_2']",,missing,,,,,,,,
mint__CIDAR_Lab_Past_Devices__Net_MUX__Net_MUX_fromMINT,mint,CIDAR_Lab_Past_Devices/Net_MUX/Net_MUX_fromMINT.json,fail,0.568,0.360636,"ValueError: Invalid layer-1 topology: sink endpoint component 'valve_0', port '1' is driven by multiple source components; connection ids=['Ctrlchannel_0', 'Ctrlchannel_1', 'Ctrlchannel_2', 'Ctrlchannel_3', 'Ctrlchannel_4']; source ids=['Cport_0', 'Cport_1', 'Cport_2', 'Cport_3', 'Cport_4']",,missing,,,,,,,,
mint__CIDAR_Lab_Past_Devices__Nine_To_One_MUX__Nine_To_One_MUX_fromMINT,mint,CIDAR_Lab_Past_Devices/Nine_To_One_MUX/Nine_To_One_MUX_fromMINT.json,fail,0.568,0.36387,"ValueError: Invalid layer-1 topology: sink endpoint component 'valve_0', port '1' is driven by multiple source components; connection ids=['Ctrlchannel_0', 'Ctrlchannel_1', 'Ctrlchannel_2', 'Ctrlchannel_3', 'Ctrlchannel_4', 'Ctrlchannel_5']; source ids=['Cport_0', 'Cport_1', 'Cport_2', 'Cport_3', 'Cport_4', 'Cport_5']",,missing,,,,,,,,
mint__CIDAR_Lab_Past_Devices__Number_Declarations__Number_Declarations_fromMINT,mint,CIDAR_Lab_Past_Devices/Number_Declarations/Number_Declarations_fromMINT.json,success,0.868,0.654722,,True,missing,,,,,,,,
mint__CIDAR_Lab_Past_Devices__Olfactory__Olfactory_fromMINT,mint,CIDAR_Lab_Past_Devices/Olfactory/Olfactory_fromMINT.json,success,1.721,1.462942,,True,missing,,,,,,,,
mint__CIDAR_Lab_Past_Devices__Pump_Passthrough__Pump_Passthrough_fromMINT,mint,CIDAR_Lab_Past_Devices/Pump_Passthrough/Pump_Passthrough_fromMINT.json,success,0.969,0.733923,,True,missing,,,,,,,,
mint__CIDAR_Lab_Past_Devices__Ring__Ring_fromMINT,mint,CIDAR_Lab_Past_Devices/Ring/Ring_fromMINT.json,success,1.019,0.770046,,True,missing,,,,,,,,
mint__CIDAR_Lab_Past_Devices__Root_Chip__Root_Chip_fromMINT,mint,CIDAR_Lab_Past_Devices/Root_Chip/Root_Chip_fromMINT.json,fail,0.518,0.347217,"ValueError: Invalid layer-1 topology: sink endpoint component 'valve_0', port '1' is driven by multiple source components; connection ids=['Ctrlchannel_0', 'Ctrlchannel_1', 'Ctrlchannel_2', 'Ctrlchannel_3', 'Ctrlchannel_4', 'Ctrlchannel_5', 'Ctrlchannel_6', 'Ctrlchannel_7', 'Ctrlchannel_8', 'Ctrlchannel_9', 'Ctrlchannel_10', 'Ctrlchannel_11', 'Ctrlchannel_12', 'Ctrlchannel_13', 'Ctrlchannel_14', 'Ctrlchannel_15', 'Ctrlchannel_16']; source ids=['Cport_0', 'Cport_1', 'Cport_2', 'Cport_3', 'Cport_4', 'Cport_5', 'Cport_6', 'Cport_7', 'Cport_8', 'Cport_9', 'Cport_10', 'Cport_11', 'Cport_12', 'Cport_13', 'Cport_14', 'Cport_15', 'Cport_16']",,missing,,,,,,,,
mint__CIDAR_Lab_Past_Devices__Rotary_16__Rotary_16_fromMINT,mint,CIDAR_Lab_Past_Devices/Rotary_16/Rotary_16_fromMINT.json,fail,0.568,0.359335,"ValueError: Invalid layer-1 topology: sink endpoint component 'valve_0', port '1' is driven by multiple source components; connection ids=['Ctrlchannel_0', 'Ctrlchannel_1', 'Ctrlchannel_2', 'Ctrlchannel_3', 'Ctrlchannel_4', 'Ctrlchannel_5', 'Ctrlchannel_6', 'Ctrlchannel_7']; source ids=['Cport_0', 'Cport_1', 'Cport_2', 'Cport_3', 'Cport_4', 'Cport_5', 'Cport_6', 'Cport_7']",,missing,,,,,,,,
mint__CIDAR_Lab_Past_Devices__Rotary_Cells__Rotary_Cells_fromMINT,mint,CIDAR_Lab_Past_Devices/Rotary_Cells/Rotary_Cells_fromMINT.json,fail,0.567,0.361373,"ValueError: Invalid layer-1 topology: sink endpoint component 'valve_0', port '1' is driven by multiple source components; connection ids=['Ctrlchannel_0', 'Ctrlchannel_1', 'Ctrlchannel_2', 'Ctrlchannel_3']; source ids=['Cport_0', 'Cport_1', 'Cport_2', 'Cport_3']",,missing,,,,,,,,
mint__CIDAR_Lab_Past_Devices__Seeding__Seeding_fromMINT,mint,CIDAR_Lab_Past_Devices/Seeding/Seeding_fromMINT.json,fail,0.568,0.360966,"ValueError: Invalid layer-1 topology: sink endpoint component 'valve_0', port '1' is driven by multiple source components; connection ids=['Ctrlchannel_0', 'Ctrlchannel_1', 'Ctrlchannel_2', 'Ctrlchannel_3', 'Ctrlchannel_4', 'Ctrlchannel_5', 'Ctrlchannel_6']; source ids=['Cport_0', 'Cport_1', 'Cport_2', 'Cport_3', 'Cport_4', 'Cport_5', 'Cport_6']",,missing,,,,,,,,
mint__CIDAR_Lab_Past_Devices__Single_Port__Single_Port_fromMINT,mint,CIDAR_Lab_Past_Devices/Single_Port/Single_Port_fromMINT.json,success,0.92,0.671144,,True,missing,,,,,,,,
mint__CIDAR_Lab_Past_Devices__Three_Reagent_Mix__Three_Reagent_Mix_fromMINT,mint,CIDAR_Lab_Past_Devices/Three_Reagent_Mix/Three_Reagent_Mix_fromMINT.json,success,1.069,0.826218,,True,missing,,,,,,,,
mint__COVID__Aj_Rtpcr_8_Primer__Aj_Rtpcr_8_Primer_fromMINT,mint,COVID/Aj_Rtpcr_8_Primer/Aj_Rtpcr_8_Primer_fromMINT.json,success,9.545,9.294461,,True,missing,,,,,,,,
mint__COVID__Arize__Arize_fromMINT,mint,COVID/Arize/Arize_fromMINT.json,success,1.771,1.499502,,True,missing,,,,,,,,
mint__COVID__Covid_Crispr__Covid_Crispr_fromMINT,mint,COVID/Covid_Crispr/Covid_Crispr_fromMINT.json,success,0.969,0.730449,,True,missing,,,,,,,,
mint__COVID__Crispr__Crispr_fromMINT,mint,COVID/Crispr/Crispr_fromMINT.json,success,1.119,0.898213,,True,missing,,,,,,,,
mint__COVID__Detectr__Detectr_fromMINT,mint,COVID/Detectr/Detectr_fromMINT.json,success,1.271,1.045614,,True,missing,,,,,,,,
mint__COVID__Elisa__Elisa_fromMINT,mint,COVID/Elisa/Elisa_fromMINT.json,success,1.02,0.809352,,True,missing,,,,,,,,
mint__COVID__Gel_Electrophoresis__Gel_Electrophoresis_fromMINT,mint,COVID/Gel_Electrophoresis/Gel_Electrophoresis_fromMINT.json,success,1.12,0.904707,,True,missing,,,,,,,,
mint__COVID__Hybri_Detect__Hybri_Detect_fromMINT,mint,COVID/Hybri_Detect/Hybri_Detect_fromMINT.json,success,1.12,0.878346,,True,missing,,,,,,,,
mint__COVID__Part_1_Rna_Prep__Part_1_Rna_Prep_fromMINT,mint,COVID/Part_1_Rna_Prep/Part_1_Rna_Prep_fromMINT.json,success,1.07,0.852599,,True,missing,,,,,,,,
mint__COVID__Part_2_Rt_Step__Part_2_Rt_Step_fromMINT,mint,COVID/Part_2_Rt_Step/Part_2_Rt_Step_fromMINT.json,success,1.019,0.811439,,True,missing,,,,,,,,
mint__COVID__Part_3_Gel__Part_3_Gel_fromMINT,mint,COVID/Part_3_Gel/Part_3_Gel_fromMINT.json,success,1.169,0.911166,,True,missing,,,,,,,,
mint__COVID__Rt_Pcr__Rt_Pcr_fromMINT,mint,COVID/Rt_Pcr/Rt_Pcr_fromMINT.json,success,0.969,0.736024,,True,missing,,,,,,,,
mint__Constraints__Array_Constraint__Array_Constraint_fromMINT,mint,Constraints/Array_Constraint/Array_Constraint_fromMINT.json,success,3.025,2.791652,,True,missing,,,,,,,,
mint__Constraints__Orthogonal_Constraint_Large__Orthogonal_Constraint_Large_fromMINT,mint,Constraints/Orthogonal_Constraint_Large/Orthogonal_Constraint_Large_fromMINT.json,success,1.421,1.169928,,True,missing,,,,,,,,
mint__Constraints__Orthogonal_Constraint__Orthogonal_Constraint_fromMINT,mint,Constraints/Orthogonal_Constraint/Orthogonal_Constraint_fromMINT.json,success,0.969,0.757437,,True,missing,,,,,,,,
mint__Constraints__Position_Constraint__Position_Constraint_fromMINT,mint,Constraints/Position_Constraint/Position_Constraint_fromMINT.json,success,0.919,0.702549,,True,missing,,,,,,,,
mint__Constraints__Relative_Orientation_Constraint__Relative_Orientation_Constraint_fromMINT,mint,Constraints/Relative_Orientation_Constraint/Relative_Orientation_Constraint_fromMINT.json,success,0.978,0.716137,,True,missing,,,,,,,,
mint__Constraints__Tree_Constraint__Tree_Constraint_fromMINT,mint,Constraints/Tree_Constraint/Tree_Constraint_fromMINT.json,success,1.02,0.77768,,True,missing,,,,,,,,
mint__Distribute_Expressions__And_Annotation_Test__And_Annotation_Test_fromMINT,mint,Distribute_Expressions/And_Annotation_Test/And_Annotation_Test_fromMINT.json,success,1.07,0.842724,,True,missing,,,,,,,,
mint__Distribute_Expressions__Dist_Expression_1__Dist_Expression_1_fromMINT,mint,Distribute_Expressions/Dist_Expression_1/Dist_Expression_1_fromMINT.json,success,0.92,0.696526,,True,missing,,,,,,,,
mint__Distribute_Expressions__Dist_Expression_2__Dist_Expression_2_fromMINT,mint,Distribute_Expressions/Dist_Expression_2/Dist_Expression_2_fromMINT.json,success,0.97,0.762184,,True,missing,,,,,,,,
mint__Distribute_Expressions__Dist_Expression_3__Dist_Expression_3_fromMINT,mint,Distribute_Expressions/Dist_Expression_3/Dist_Expression_3_fromMINT.json,success,1.019,0.76585,,True,missing,,,,,,,,
mint__Distribute_Library__Cell_Traps_4__Cell_Traps_4_fromMINT,mint,Distribute_Library/Cell_Traps_4/Cell_Traps_4_fromMINT.json,success,0.918,0.690023,,True,missing,,,,,,,,
mint__Distribute_Library__Hv_Storage_Grid_04__Hv_Storage_Grid_04_fromMINT,mint,Distribute_Library/Hv_Storage_Grid_04/Hv_Storage_Grid_04_fromMINT.json,success,0.92,0.689912,,True,missing,,,,,,,,
mint__Distribute_Library__Hv_Storage_Grid_08__Hv_Storage_Grid_08_fromMINT,mint,Distribute_Library/Hv_Storage_Grid_08/Hv_Storage_Grid_08_fromMINT.json,success,0.919,0.690213,,True,missing,,,,,,,,
mint__Distribute_Library__Hv_Storage_Grid_16__Hv_Storage_Grid_16_fromMINT,mint,Distribute_Library/Hv_Storage_Grid_16/Hv_Storage_Grid_16_fromMINT.json,success,0.919,0.691127,,True,missing,,,,,,,,
mint__Distribute_Library__Hv_Storage_Grid_32__Hv_Storage_Grid_32_fromMINT,mint,Distribute_Library/Hv_Storage_Grid_32/Hv_Storage_Grid_32_fromMINT.json,success,0.919,0.686535,,True,missing,,,,,,,,
mint__Distribute_Library__Hv_Storage_Grid_64__Hv_Storage_Grid_64_fromMINT,mint,Distribute_Library/Hv_Storage_Grid_64/Hv_Storage_Grid_64_fromMINT.json,success,0.92,0.686482,,True,missing,,,,,,,,
mint__Distribute_Library__MUX_02_In__MUX_02_In_fromMINT,mint,Distribute_Library/MUX_02_In/MUX_02_In_fromMINT.json,success,1.12,0.887248,,True,missing,,,,,,,,
mint__Distribute_Library__MUX_02_Out__MUX_02_Out_fromMINT,mint,Distribute_Library/MUX_02_Out/MUX_02_Out_fromMINT.json,success,1.069,0.871632,,True,missing,,,,,,,,
mint__Distribute_Library__MUX_04_In__MUX_04_In_fromMINT,mint,Distribute_Library/MUX_04_In/MUX_04_In_fromMINT.json,success,1.27,1.048399,,True,missing,,,,,,,,
mint__Distribute_Library__MUX_04_Out__MUX_04_Out_fromMINT,mint,Distribute_Library/MUX_04_Out/MUX_04_Out_fromMINT.json,success,1.27,1.037752,,True,missing,,,,,,,,
mint__Distribute_Library__MUX_08_In__MUX_08_In_fromMINT,mint,Distribute_Library/MUX_08_In/MUX_08_In_fromMINT.json,success,3.827,3.559926,,True,missing,,,,,,,,
mint__Distribute_Library__MUX_08_Out__MUX_08_Out_fromMINT,mint,Distribute_Library/MUX_08_Out/MUX_08_Out_fromMINT.json,success,3.827,3.585228,,True,missing,,,,,,,,
mint__Distribute_Library__MUX_16_In__MUX_16_In_fromMINT,mint,Distribute_Library/MUX_16_In/MUX_16_In_fromMINT.json,success,33.364,33.110752,,True,missing,,,,,,,,
mint__Distribute_Library__MUX_16_Out__MUX_16_Out_fromMINT,mint,Distribute_Library/MUX_16_Out/MUX_16_Out_fromMINT.json,success,39.029,38.775342,,True,missing,,,,,,,,
mint__Distribute_Library__MUX_32_In__MUX_32_In_fromMINT,mint,Distribute_Library/MUX_32_In/MUX_32_In_fromMINT.json,success,252.192,251.933544,,True,missing,,,,,,,,
mint__Distribute_Library__MUX_32_Out__MUX_32_Out_fromMINT,mint,Distribute_Library/MUX_32_Out/MUX_32_Out_fromMINT.json,success,256.876,256.628602,,True,missing,,,,,,,,
mint__Distribute_Library__MUX_64_In__MUX_64_In_fromMINT,mint,Distribute_Library/MUX_64_In/MUX_64_In_fromMINT.json,success,1710.476,1710.215841,,True,missing,,,,,,,,
mint__Distribute_Library__MUX_64_Out__MUX_64_Out_fromMINT,mint,Distribute_Library/MUX_64_Out/MUX_64_Out_fromMINT.json,success,1707.477,1707.190913,,True,missing,,,,,,,,
mint__Distribute_Library__Single_Storage_Grid_01__Single_Storage_Grid_01_fromMINT,mint,Distribute_Library/Single_Storage_Grid_01/Single_Storage_Grid_01_fromMINT.json,success,0.918,0.693145,,True,missing,,,,,,,,
mint__Distribute_Library__Single_Storage_Grid_02__Single_Storage_Grid_02_fromMINT,mint,Distribute_Library/Single_Storage_Grid_02/Single_Storage_Grid_02_fromMINT.json,success,0.92,0.693736,,True,missing,,,,,,,,
mint__Distribute_Library__Single_Storage_Grid_04__Single_Storage_Grid_04_fromMINT,mint,Distribute_Library/Single_Storage_Grid_04/Single_Storage_Grid_04_fromMINT.json,success,0.919,0.689483,,True,missing,,,,,,,,
mint__Distribute_Library__Single_Storage_Grid_08__Single_Storage_Grid_08_fromMINT,mint,Distribute_Library/Single_Storage_Grid_08/Single_Storage_Grid_08_fromMINT.json,success,0.918,0.693269,,True,missing,,,,,,,,
mint__Distribute_Library__Single_Storage_Grid_16__Single_Storage_Grid_16_fromMINT,mint,Distribute_Library/Single_Storage_Grid_16/Single_Storage_Grid_16_fromMINT.json,success,0.919,0.694745,,True,missing,,,,,,,,
mint__Distribute_Library__Single_Storage_Grid_32__Single_Storage_Grid_32_fromMINT,mint,Distribute_Library/Single_Storage_Grid_32/Single_Storage_Grid_32_fromMINT.json,success,0.919,0.692196,,True,missing,,,,,,,,
mint__Distribute_Library__Single_Storage_Grid_64__Single_Storage_Grid_64_fromMINT,mint,Distribute_Library/Single_Storage_Grid_64/Single_Storage_Grid_64_fromMINT.json,success,0.97,0.699575,,True,missing,,,,,,,,
mint__Distribute_Library__Transposer_02__Transposer_02_fromMINT,mint,Distribute_Library/Transposer_02/Transposer_02_fromMINT.json,success,1.17,0.944359,,True,missing,,,,,,,,
mint__Distribute_Library__Transposer_03__Transposer_03_fromMINT,mint,Distribute_Library/Transposer_03/Transposer_03_fromMINT.json,success,1.571,1.343509,,True,missing,,,,,,,,
mint__Distribute_Library__Transposer_04__Transposer_04_fromMINT,mint,Distribute_Library/Transposer_04/Transposer_04_fromMINT.json,fail,0.568,0.364844,"ValueError: Invalid layer-1 topology: sink endpoint component 'valve_0', port '1' is driven by multiple source components; connection ids=['Ctrlchannel_0', 'Ctrlchannel_1', 'Ctrlchannel_2']; source ids=['Cport_0', 'Cport_1', 'Cport_2']",,missing,,,,,,,,
mint__Distribute_Library__Transposer_08__Transposer_08_fromMINT,mint,Distribute_Library/Transposer_08/Transposer_08_fromMINT.json,success,0.919,0.690778,,True,missing,,,,,,,,
mint__Distribute_Library__Transposer_16__Transposer_16_fromMINT,mint,Distribute_Library/Transposer_16/Transposer_16_fromMINT.json,success,0.919,0.690135,,True,missing,,,,,,,,
mint__Distribute_Library__Transposer_32__Transposer_32_fromMINT,mint,Distribute_Library/Transposer_32/Transposer_32_fromMINT.json,success,0.917,0.692421,,True,missing,,,,,,,,
mint__Distribute_Library__Transposer_64__Transposer_64_fromMINT,mint,Distribute_Library/Transposer_64/Transposer_64_fromMINT.json,success,0.92,0.69436,,True,missing,,,,,,,,
mint__Drop_Ref__Droplet_Generator_1__Droplet_Generator_1_fromMINT,mint,Drop_Ref/Droplet_Generator_1/Droplet_Generator_1_fromMINT.json,success,0.97,0.752106,,True,missing,,,,,,,,
mint__Drop_Ref__Droplet_Generator_2__Droplet_Generator_2_fromMINT,mint,Drop_Ref/Droplet_Generator_2/Droplet_Generator_2_fromMINT.json,success,1.219,0.970362,,True,missing,,,,,,,,
mint__Drop_Ref__Droplet_Generator_3__Droplet_Generator_3_fromMINT,mint,Drop_Ref/Droplet_Generator_3/Droplet_Generator_3_fromMINT.json,success,1.32,1.090292,,True,missing,,,,,,,,
mint__Drop_Ref__Droplet_Generator_4__Droplet_Generator_4_fromMINT,mint,Drop_Ref/Droplet_Generator_4/Droplet_Generator_4_fromMINT.json,success,1.219,0.990259,,True,missing,,,,,,,,
mint__Drop_Ref__Dropx_Test_1__Dropx_Test_1_fromMINT,mint,Drop_Ref/Dropx_Test_1/Dropx_Test_1_fromMINT.json,success,0.969,0.751377,,True,missing,,,,,,,,
mint__Drop_Ref__Dropx_Test_2__Dropx_Test_2_fromMINT,mint,Drop_Ref/Dropx_Test_2/Dropx_Test_2_fromMINT.json,success,1.119,0.873381,,True,missing,,,,,,,,
mint__Drop_Ref__Dropx_Test_3__Dropx_Test_3_fromMINT,mint,Drop_Ref/Dropx_Test_3/Dropx_Test_3_fromMINT.json,success,1.17,0.918067,,True,missing,,,,,,,,
mint__Drop_Ref__Dropx_Test_4__Dropx_Test_4_fromMINT,mint,Drop_Ref/Dropx_Test_4/Dropx_Test_4_fromMINT.json,success,1.071,0.808131,,True,missing,,,,,,,,
mint__Drop_Ref__Dx_10_Ref__Dx_10_Ref_fromMINT,mint,Drop_Ref/Dx_10_Ref/Dx_10_Ref_fromMINT.json,success,1.07,0.852259,,True,missing,,,,,,,,
mint__Drop_Ref__Dx_10__Dx_10_fromMINT,mint,Drop_Ref/Dx_10/Dx_10_fromMINT.json,success,1.069,0.833041,,True,missing,,,,,,,,
mint__Drop_Ref__Dx_11_Ref__Dx_11_Ref_fromMINT,mint,Drop_Ref/Dx_11_Ref/Dx_11_Ref_fromMINT.json,success,1.271,1.011516,,True,missing,,,,,,,,
mint__Drop_Ref__Dx_11__Dx_11_fromMINT,mint,Drop_Ref/Dx_11/Dx_11_fromMINT.json,success,1.219,0.971228,,True,missing,,,,,,,,
mint__Drop_Ref__Dx_12_Ref__Dx_12_Ref_fromMINT,mint,Drop_Ref/Dx_12_Ref/Dx_12_Ref_fromMINT.json,success,1.119,0.882532,,True,missing,,,,,,,,
mint__Drop_Ref__Dx_12__Dx_12_fromMINT,mint,Drop_Ref/Dx_12/Dx_12_fromMINT.json,success,1.119,0.911982,,True,missing,,,,,,,,
mint__Drop_Ref__Dx_13_Ref__Dx_13_Ref_fromMINT,mint,Drop_Ref/Dx_13_Ref/Dx_13_Ref_fromMINT.json,success,1.27,1.05468,,True,missing,,,,,,,,
mint__Drop_Ref__Dx_13__Dx_13_fromMINT,mint,Drop_Ref/Dx_13/Dx_13_fromMINT.json,success,1.269,1.023818,,True,missing,,,,,,,,
mint__Drop_Ref__Dx_14_Ref__Dx_14_Ref_fromMINT,mint,Drop_Ref/Dx_14_Ref/Dx_14_Ref_fromMINT.json,success,1.22,0.988419,,True,missing,,,,,,,,
mint__Drop_Ref__Dx_14__Dx_14_fromMINT,mint,Drop_Ref/Dx_14/Dx_14_fromMINT.json,success,1.069,0.837126,,True,missing,,,,,,,,
mint__Drop_Ref__Dx_15_Ref__Dx_15_Ref_fromMINT,mint,Drop_Ref/Dx_15_Ref/Dx_15_Ref_fromMINT.json,success,1.018,0.799513,,True,missing,,,,,,,,
mint__Drop_Ref__Dx_15__Dx_15_fromMINT,mint,Drop_Ref/Dx_15/Dx_15_fromMINT.json,success,1.019,0.803277,,True,missing,,,,,,,,
mint__Drop_Ref__Dx_1_Ref__Dx_1_Ref_fromMINT,mint,Drop_Ref/Dx_1_Ref/Dx_1_Ref_fromMINT.json,success,1.121,0.875581,,True,missing,,,,,,,,
mint__Drop_Ref__Dx_1__Dx_1_fromMINT,mint,Drop_Ref/Dx_1/Dx_1_fromMINT.json,success,1.069,0.847459,,True,missing,,,,,,,,
mint__Drop_Ref__Dx_2_Ref__Dx_2_Ref_fromMINT,mint,Drop_Ref/Dx_2_Ref/Dx_2_Ref_fromMINT.json,success,1.12,0.914776,,True,missing,,,,,,,,
mint__Drop_Ref__Dx_2__Dx_2_fromMINT,mint,Drop_Ref/Dx_2/Dx_2_fromMINT.json,success,1.17,0.930445,,True,missing,,,,,,,,
mint__Drop_Ref__Dx_3_Ref__Dx_3_Ref_fromMINT,mint,Drop_Ref/Dx_3_Ref/Dx_3_Ref_fromMINT.json,success,1.169,0.916558,,True,missing,,,,,,,,
mint__Drop_Ref__Dx_3__Dx_3_fromMINT,mint,Drop_Ref/Dx_3/Dx_3_fromMINT.json,success,1.12,0.896843,,True,missing,,,,,,,,
mint__Drop_Ref__Dx_4_Ref__Dx_4_Ref_fromMINT,mint,Drop_Ref/Dx_4_Ref/Dx_4_Ref_fromMINT.json,success,1.322,1.087881,,True,missing,,,,,,,,
mint__Drop_Ref__Dx_4__Dx_4_fromMINT,mint,Drop_Ref/Dx_4/Dx_4_fromMINT.json,success,1.32,1.073184,,True,missing,,,,,,,,
mint__Drop_Ref__Dx_5_Ref__Dx_5_Ref_fromMINT,mint,Drop_Ref/Dx_5_Ref/Dx_5_Ref_fromMINT.json,success,1.22,0.991458,,True,missing,,,,,,,,
mint__Drop_Ref__Dx_5__Dx_5_fromMINT,mint,Drop_Ref/Dx_5/Dx_5_fromMINT.json,success,1.219,0.973605,,True,missing,,,,,,,,
mint__Drop_Ref__Dx_6_Ref__Dx_6_Ref_fromMINT,mint,Drop_Ref/Dx_6_Ref/Dx_6_Ref_fromMINT.json,success,1.07,0.841814,,True,missing,,,,,,,,
mint__Drop_Ref__Dx_6__Dx_6_fromMINT,mint,Drop_Ref/Dx_6/Dx_6_fromMINT.json,success,1.069,0.82834,,True,missing,,,,,,,,
mint__Drop_Ref__Dx_7_Ref__Dx_7_Ref_fromMINT,mint,Drop_Ref/Dx_7_Ref/Dx_7_Ref_fromMINT.json,success,1.22,0.996178,,True,missing,,,,,,,,
mint__Drop_Ref__Dx_7__Dx_7_fromMINT,mint,Drop_Ref/Dx_7/Dx_7_fromMINT.json,success,1.219,0.976264,,True,missing,,,,,,,,
mint__Drop_Ref__Dx_8_Ref__Dx_8_Ref_fromMINT,mint,Drop_Ref/Dx_8_Ref/Dx_8_Ref_fromMINT.json,success,1.32,1.083973,,True,missing,,,,,,,,
mint__Drop_Ref__Dx_8__Dx_8_fromMINT,mint,Drop_Ref/Dx_8/Dx_8_fromMINT.json,success,1.27,1.051326,,True,missing,,,,,,,,
mint__Drop_Ref__Dx_9_Ref__Dx_9_Ref_fromMINT,mint,Drop_Ref/Dx_9_Ref/Dx_9_Ref_fromMINT.json,success,1.22,0.963505,,True,missing,,,,,,,,
mint__Drop_Ref__Dx_9__Dx_9_fromMINT,mint,Drop_Ref/Dx_9/Dx_9_fromMINT.json,success,1.169,0.934401,,True,missing,,,,,,,,
mint__Expressions__Expression_10__Expression_10_fromMINT,mint,Expressions/Expression_10/Expression_10_fromMINT.json,success,1.07,0.799155,,True,missing,,,,,,,,
mint__Expressions__Expression_11__Expression_11_fromMINT,mint,Expressions/Expression_11/Expression_11_fromMINT.json,success,0.969,0.73179,,True,missing,,,,,,,,
mint__Expressions__Expression_12__Expression_12_fromMINT,mint,Expressions/Expression_12/Expression_12_fromMINT.json,success,1.52,1.292135,,True,missing,,,,,,,,
mint__Expressions__Expression_13__Expression_13_fromMINT,mint,Expressions/Expression_13/Expression_13_fromMINT.json,success,0.969,0.738865,,True,missing,,,,,,,,
mint__Expressions__Expression_14__Expression_14_fromMINT,mint,Expressions/Expression_14/Expression_14_fromMINT.json,success,2.272,2.028225,,True,missing,,,,,,,,
mint__Expressions__Expression_15__Expression_15_fromMINT,mint,Expressions/Expression_15/Expression_15_fromMINT.json,success,1.27,1.005947,,True,missing,,,,,,,,
mint__Expressions__Expression_1__Expression_1_fromMINT,mint,Expressions/Expression_1/Expression_1_fromMINT.json,success,1.12,0.865191,,True,missing,,,,,,,,
mint__Expressions__Expression_2__Expression_2_fromMINT,mint,Expressions/Expression_2/Expression_2_fromMINT.json,success,1.019,0.790036,,True,missing,,,,,,,,
mint__Expressions__Expression_3__Expression_3_fromMINT,mint,Expressions/Expression_3/Expression_3_fromMINT.json,success,1.019,0.786266,,True,missing,,,,,,,,
mint__Expressions__Expression_4__Expression_4_fromMINT,mint,Expressions/Expression_4/Expression_4_fromMINT.json,success,1.019,0.802133,,True,missing,,,,,,,,
mint__Expressions__Expression_5__Expression_5_fromMINT,mint,Expressions/Expression_5/Expression_5_fromMINT.json,success,1.07,0.823107,,True,missing,,,,,,,,
mint__Expressions__Expression_6__Expression_6_fromMINT,mint,Expressions/Expression_6/Expression_6_fromMINT.json,success,1.119,0.889476,,True,missing,,,,,,,,
mint__Expressions__Expression_7__Expression_7_fromMINT,mint,Expressions/Expression_7/Expression_7_fromMINT.json,success,1.169,0.932177,,True,missing,,,,,,,,
mint__Expressions__Expression_8__Expression_8_fromMINT,mint,Expressions/Expression_8/Expression_8_fromMINT.json,success,1.119,0.878164,,True,missing,,,,,,,,
mint__Expressions__Expression_9__Expression_9_fromMINT,mint,Expressions/Expression_9/Expression_9_fromMINT.json,success,1.019,0.798798,,True,missing,,,,,,,,
mint__Ghissues__Issue_10__Issue_10_fromMINT,mint,Ghissues/Issue_10/Issue_10_fromMINT.json,fail,0.568,0.363271,"ValueError: Invalid layer-1 topology: sink endpoint component 'valve_0', port '1' is driven by multiple source components; connection ids=['Ctrlchannel_0', 'Ctrlchannel_1', 'Ctrlchannel_2', 'Ctrlchannel_3', 'Ctrlchannel_4', 'Ctrlchannel_5', 'Ctrlchannel_6', 'Ctrlchannel_7', 'Ctrlchannel_8', 'Ctrlchannel_9', 'Ctrlchannel_10', 'Ctrlchannel_11', 'Ctrlchannel_12', 'Ctrlchannel_13', 'Ctrlchannel_14', 'Ctrlchannel_15', 'Ctrlchannel_16']; source ids=['Cport_0', 'Cport_1', 'Cport_2', 'Cport_3', 'Cport_4', 'Cport_5', 'Cport_6', 'Cport_7', 'Cport_8', 'Cport_9', 'Cport_10', 'Cport_11', 'Cport_12', 'Cport_13', 'Cport_14', 'Cport_15', 'Cport_16']",,missing,,,,,,,,
mint__Ghissues__Issue_15__Issue_15_fromMINT,mint,Ghissues/Issue_15/Issue_15_fromMINT.json,success,1.069,0.809212,,True,missing,,,,,,,,
mint__Ghissues__Issue_2__Issue_2_fromMINT,mint,Ghissues/Issue_2/Issue_2_fromMINT.json,success,0.919,0.691133,,True,missing,,,,,,,,
mint__Ghissues__Issue_3__Issue_3_fromMINT,mint,Ghissues/Issue_3/Issue_3_fromMINT.json,success,1.319,1.101036,,True,missing,,,,,,,,
mint__Ghissues__Issue_6__Issue_6_fromMINT,mint,Ghissues/Issue_6/Issue_6_fromMINT.json,fail,0.568,0.362535,"ValueError: Invalid layer-1 topology: sink endpoint component 'valve_0', port '1' is driven by multiple source components; connection ids=['Ctrlchannel_0', 'Ctrlchannel_1', 'Ctrlchannel_2', 'Ctrlchannel_3', 'Ctrlchannel_4', 'Ctrlchannel_5']; source ids=['Cport_0', 'Cport_1', 'Cport_2', 'Cport_3', 'Cport_4', 'Cport_5']",,missing,,,,,,,,
mint__Ghissues__Issue_7__Issue_7_fromMINT,mint,Ghissues/Issue_7/Issue_7_fromMINT.json,success,1.973,1.718284,,True,missing,,,,,,,,
mint__Ghissues__Issue_8__Issue_8_fromMINT,mint,Ghissues/Issue_8/Issue_8_fromMINT.json,success,2.123,1.852023,,True,missing,,,,,,,,
mint__Ghissues__Issue_9__Issue_9_fromMINT,mint,Ghissues/Issue_9/Issue_9_fromMINT.json,fail,0.569,0.36121,"ValueError: Invalid layer-1 topology: sink endpoint component 'valve_0', port '1' is driven by multiple source components; connection ids=['Ctrlchannel_0', 'Ctrlchannel_1', 'Ctrlchannel_2']; source ids=['Cport_0', 'Cport_1', 'Cport_2']",,missing,,,,,,,,
mint__Graph_Coverage__Tree_Fanin__Tree_Fanin_fromMINT,mint,Graph_Coverage/Tree_Fanin/Tree_Fanin_fromMINT.json,success,1.119,0.882726,,True,missing,,,,,,,,
mint__Graph_Coverage__Tree_Fanout__Tree_Fanout_fromMINT,mint,Graph_Coverage/Tree_Fanout/Tree_Fanout_fromMINT.json,success,1.119,0.887606,,True,missing,,,,,,,,
mint__Grid__Grid_03__Grid_03_fromMINT,mint,Grid/Grid_03/Grid_03_fromMINT.json,success,19.876,19.638299,,True,missing,,,,,,,,
mint__Grid__Grid_04__Grid_04_fromMINT,mint,Grid/Grid_04/Grid_04_fromMINT.json,success,278.378,278.105746,,True,missing,,,,,,,,
mint__Grid__Grid_05__Grid_05_fromMINT,mint,Grid/Grid_05/Grid_05_fromMINT.json,success,579.001,578.763867,,True,missing,,,,,,,,
mint__Grid__Grid_06__Grid_06_fromMINT,mint,Grid/Grid_06/Grid_06_fromMINT.json,success,1642.24,1641.96633,,True,missing,,,,,,,,
mint__Grid__Grid_07__Grid_07_fromMINT,mint,Grid/Grid_07/Grid_07_fromMINT.json,success,2818.775,2818.519322,,True,missing,,,,,,,,
mint__Grid__Grid_08__Grid_08_fromMINT,mint,Grid/Grid_08/Grid_08_fromMINT.json,timeout,3600.018,,exceeded 3600s,,missing,,,,,,,,
mint__Grid__Grid_09__Grid_09_fromMINT,mint,Grid/Grid_09/Grid_09_fromMINT.json,timeout,3600.017,,exceeded 3600s,,missing,,,,,,,,
mint__Grid__Grid_10__Grid_10_fromMINT,mint,Grid/Grid_10/Grid_10_fromMINT.json,timeout,3600.017,,exceeded 3600s,,missing,,,,,,,,
mint__Grid__Grid_11__Grid_11_fromMINT,mint,Grid/Grid_11/Grid_11_fromMINT.json,timeout,3600.018,,exceeded 3600s,,missing,,,,,,,,
mint__Grid__Grid_12__Grid_12_fromMINT,mint,Grid/Grid_12/Grid_12_fromMINT.json,timeout,3600.017,,exceeded 3600s,,missing,,,,,,,,
mint__Grid__Grid_13__Grid_13_fromMINT,mint,Grid/Grid_13/Grid_13_fromMINT.json,timeout,3600.017,,exceeded 3600s,,missing,,,,,,,,
mint__Grid__Grid_14__Grid_14_fromMINT,mint,Grid/Grid_14/Grid_14_fromMINT.json,timeout,3600.017,,exceeded 3600s,,missing,,,,,,,,
mint__Grid__Grid_15__Grid_15_fromMINT,mint,Grid/Grid_15/Grid_15_fromMINT.json,timeout,3600.018,,exceeded 3600s,,missing,,,,,,,,
mint__Grid__Grid_16__Grid_16_fromMINT,mint,Grid/Grid_16/Grid_16_fromMINT.json,timeout,3600.034,,exceeded 3600s,,missing,,,,,,,,
mint__Literature_Benchmarks__Device_1_Sc_Rna_Seq__Device_1_Sc_Rna_Seq_fromMINT,mint,Literature_Benchmarks/Device_1_Sc_Rna_Seq/Device_1_Sc_Rna_Seq_fromMINT.json,success,1.068,0.828025,,True,missing,,,,,,,,
mint__Literature_Benchmarks__Device_2_Artificial_Cells__Device_2_Artificial_Cells_fromMINT,mint,Literature_Benchmarks/Device_2_Artificial_Cells/Device_2_Artificial_Cells_fromMINT.json,fail,0.568,0.357653,"ValueError: Invalid layer-1 topology: sink endpoint component 'valve_0', port '1' is driven by multiple source components; connection ids=['Ctrlchannel_0', 'Ctrlchannel_1', 'Ctrlchannel_2']; source ids=['Cport_0', 'Cport_1', 'Cport_2']",,missing,,,,,,,,
mint__Literature_Benchmarks__Device_4_Molecular_Diagnostics__Device_4_Molecular_Diagnostics_fromMINT,mint,Literature_Benchmarks/Device_4_Molecular_Diagnostics/Device_4_Molecular_Diagnostics_fromMINT.json,success,1.119,0.880351,,True,missing,,,,,,,,
mint__Literature_Benchmarks__Device_5_Bacteria_Diagnostics__Device_5_Bacteria_Diagnostics_fromMINT,mint,Literature_Benchmarks/Device_5_Bacteria_Diagnostics/Device_5_Bacteria_Diagnostics_fromMINT.json,fail,0.566,0.359916,"ValueError: Invalid layer-1 topology: sink endpoint component 'valve_0', port '1' is driven by multiple source components; connection ids=['Ctrlchannel_0', 'Ctrlchannel_1']; source ids=['Cport_0', 'Cport_1']",,missing,,,,,,,,
mint__Literature_Benchmarks__Device_6_Organic_Chemical_Synthesis__Device_6_Organic_Chemical_Synthesis_fromMINT,mint,Literature_Benchmarks/Device_6_Organic_Chemical_Synthesis/Device_6_Organic_Chemical_Synthesis_fromMINT.json,fail,0.568,0.358612,"ValueError: Invalid layer-1 topology: sink endpoint component 'valve_0', port '1' is driven by multiple source components; connection ids=['Ctrlchannel_0', 'Ctrlchannel_1', 'Ctrlchannel_2', 'Ctrlchannel_3', 'Ctrlchannel_4', 'Ctrlchannel_5']; source ids=['Cport_0', 'Cport_1', 'Cport_2', 'Cport_3', 'Cport_4', 'Cport_5']",,missing,,,,,,,,
mint__Literature_Benchmarks__Device_7_Enzyme_Screening__Device_7_Enzyme_Screening_fromMINT,mint,Literature_Benchmarks/Device_7_Enzyme_Screening/Device_7_Enzyme_Screening_fromMINT.json,fail,0.568,0.358113,"ValueError: Invalid layer-1 topology: sink endpoint component 'valve_0', port '1' is driven by multiple source components; connection ids=['Ctrlchannel_7', 'Ctrlchannel_8', 'Ctrlchannel_9', 'Ctrlchannel_10', 'Ctrlchannel_11', 'Ctrlchannel_12', 'Ctrlchannel_13']; source ids=['Cport_7', 'Cport_8', 'Cport_9', 'Cport_10', 'Cport_11', 'Cport_12', 'Cport_13']",,missing,,,,,,,,
mint__Mars__Antibiotic_Resistance__Antibiotic_Resistance_fromMINT,mint,Mars/Antibiotic_Resistance/Antibiotic_Resistance_fromMINT.json,success,1.17,0.927167,,True,missing,,,,,,,,
mint__Mars__Cell_Lysis__Cell_Lysis_fromMINT,mint,Mars/Cell_Lysis/Cell_Lysis_fromMINT.json,success,1.069,0.821943,,True,missing,,,,,,,,
mint__Mars__Dna_Digest__Dna_Digest_fromMINT,mint,Mars/Dna_Digest/Dna_Digest_fromMINT.json,success,2.474,2.223825,,True,missing,,,,,,,,
mint__Mars__Fluorescence__Fluorescence_fromMINT,mint,Mars/Fluorescence/Fluorescence_fromMINT.json,success,1.67,1.411268,,True,missing,,,,,,,,
mint__Mars__Ligation__Ligation_fromMINT,mint,Mars/Ligation/Ligation_fromMINT.json,fail,0.567,0.364951,"ValueError: Invalid layer-1 topology: sink endpoint component 'valve_0', port '1' is driven by multiple source components; connection ids=['Ctrlchannel_0', 'Ctrlchannel_1']; source ids=['Cport_0', 'Cport_1']",,missing,,,,,,,,
mint__Mars__Pcr__Pcr_fromMINT,mint,Mars/Pcr/Pcr_fromMINT.json,fail,0.568,0.35685,"ValueError: Invalid layer-1 topology: sink endpoint component 'valve_0', port '1' is driven by multiple source components; connection ids=['Ctrlchannel_0', 'Ctrlchannel_1']; source ids=['Cport_0', 'Cport_1']",,missing,,,,,,,,
mint__Mars__Pre_Processor_Dump__Pre_Processor_Dump_fromMINT,mint,Mars/Pre_Processor_Dump/Pre_Processor_Dump_fromMINT.json,success,0.968,0.74776,,True,missing,,,,,,,,
mint__Mars__Sorting__Sorting_fromMINT,mint,Mars/Sorting/Sorting_fromMINT.json,success,0.968,0.751561,,True,missing,,,,,,,,
mint__Mars__Transformation__Transformation_fromMINT,mint,Mars/Transformation/Transformation_fromMINT.json,success,1.12,0.89499,,True,missing,,,,,,,,
mint__Primitive__Capacitance_Sensor__Capacitance_Sensor_fromMINT,mint,Primitive/Capacitance_Sensor/Capacitance_Sensor_fromMINT.json,success,0.919,0.706671,,True,missing,,,,,,,,
mint__Primitive__Curved_Mixer__Curved_Mixer_fromMINT,mint,Primitive/Curved_Mixer/Curved_Mixer_fromMINT.json,success,0.926,0.709153,,True,missing,,,,,,,,
mint__Primitive__Diamond_Chamber__Diamond_Chamber_fromMINT,mint,Primitive/Diamond_Chamber/Diamond_Chamber_fromMINT.json,success,0.967,0.707553,,True,missing,,,,,,,,
mint__Primitive__Droplet_Generator_T__Droplet_Generator_T_fromMINT,mint,Primitive/Droplet_Generator_T/Droplet_Generator_T_fromMINT.json,success,0.918,0.68446,,True,missing,,,,,,,,
mint__Primitive__Droplet_Merger__Droplet_Merger_fromMINT,mint,Primitive/Droplet_Merger/Droplet_Merger_fromMINT.json,success,0.918,0.706384,,True,missing,,,,,,,,
mint__Primitive__Droplet_Sorter__Droplet_Sorter_fromMINT,mint,Primitive/Droplet_Sorter/Droplet_Sorter_fromMINT.json,success,0.968,0.747827,,True,missing,,,,,,,,
mint__Primitive__Filter__Filter_fromMINT,mint,Primitive/Filter/Filter_fromMINT.json,success,0.918,0.701693,,True,missing,,,,,,,,
mint__Primitive__Flow_Focus_Droplet_Generator__Flow_Focus_Droplet_Generator_fromMINT,mint,Primitive/Flow_Focus_Droplet_Generator/Flow_Focus_Droplet_Generator_fromMINT.json,success,0.918,0.681463,,True,missing,,,,,,,,
mint__Primitive__Gradient_Generator__Gradient_Generator_fromMINT,mint,Primitive/Gradient_Generator/Gradient_Generator_fromMINT.json,success,1.019,0.77338,,True,missing,,,,,,,,
mint__Primitive__Long_Cell_Trap__Long_Cell_Trap_fromMINT,mint,Primitive/Long_Cell_Trap/Long_Cell_Trap_fromMINT.json,success,0.919,0.704656,,True,missing,,,,,,,,
mint__Primitive__MUX_3d__MUX_3d_fromMINT,mint,Primitive/MUX_3d/MUX_3d_fromMINT.json,success,1.019,0.785845,,True,missing,,,,,,,,
mint__Primitive__MUX__MUX_fromMINT,mint,Primitive/MUX/MUX_fromMINT.json,success,1.018,0.786895,,True,missing,,,,,,,,
mint__Primitive__Mixer_To_Mixer__Mixer_To_Mixer_fromMINT,mint,Primitive/Mixer_To_Mixer/Mixer_To_Mixer_fromMINT.json,success,0.919,0.683106,,True,missing,,,,,,,,
mint__Primitive__Mixer__Mixer_fromMINT,mint,Primitive/Mixer/Mixer_fromMINT.json,success,0.918,0.707025,,True,missing,,,,,,,,
mint__Primitive__Node__Node_fromMINT,mint,Primitive/Node/Node_fromMINT.json,success,0.919,0.705147,,True,missing,,,,,,,,
mint__Primitive__Nozzle_Droplet_Generator__Nozzle_Droplet_Generator_fromMINT,mint,Primitive/Nozzle_Droplet_Generator/Nozzle_Droplet_Generator_fromMINT.json,success,0.968,0.744767,,True,missing,,,,,,,,
mint__Primitive__Picoinjector__Picoinjector_fromMINT,mint,Primitive/Picoinjector/Picoinjector_fromMINT.json,success,0.969,0.724467,,True,missing,,,,,,,,
mint__Primitive__Pump_3d__Pump_3d_fromMINT,mint,Primitive/Pump_3d/Pump_3d_fromMINT.json,success,0.969,0.713192,,True,missing,,,,,,,,
mint__Primitive__Pump__Pump_fromMINT,mint,Primitive/Pump/Pump_fromMINT.json,success,0.919,0.714572,,True,missing,,,,,,,,
mint__Primitive__Rotary_Mixer__Rotary_Mixer_fromMINT,mint,Primitive/Rotary_Mixer/Rotary_Mixer_fromMINT.json,success,0.969,0.72325,,True,missing,,,,,,,,
mint__Primitive__Splitter__Splitter_fromMINT,mint,Primitive/Splitter/Splitter_fromMINT.json,success,0.97,0.729797,,True,missing,,,,,,,,
mint__Primitive__Square_Cell_Trap__Square_Cell_Trap_fromMINT,mint,Primitive/Square_Cell_Trap/Square_Cell_Trap_fromMINT.json,success,0.968,0.754602,,True,missing,,,,,,,,
mint__Primitive__Transposer__Transposer_fromMINT,mint,Primitive/Transposer/Transposer_fromMINT.json,success,1.019,0.760295,,True,missing,,,,,,,,
mint__Primitive__Tree__Tree_fromMINT,mint,Primitive/Tree/Tree_fromMINT.json,success,1.02,0.776777,,True,missing,,,,,,,,
mint__Primitive__Valve__Valve_fromMINT,mint,Primitive/Valve/Valve_fromMINT.json,success,0.969,0.73655,,True,missing,,,,,,,,
mint__Primitive__Y_Tree__Y_Tree_fromMINT,mint,Primitive/Y_Tree/Y_Tree_fromMINT.json,success,1.02,0.77522,,True,missing,,,,,,,,
mint__Protocols__Cell_Sorting__Cell_Sorting_fromMINT,mint,Protocols/Cell_Sorting/Cell_Sorting_fromMINT.json,success,0.968,0.730161,,True,missing,,,,,,,,
mint__Protocols__Directed_Evolution__Directed_Evolution_fromMINT,mint,Protocols/Directed_Evolution/Directed_Evolution_fromMINT.json,fail,0.567,0.358002,"ValueError: Invalid layer-1 topology: sink endpoint component 'valve_0', port '1' is driven by multiple source components; connection ids=['Ctrlchannel_0', 'Ctrlchannel_1', 'Ctrlchannel_2']; source ids=['Cport_0', 'Cport_1', 'Cport_2']",,missing,,,,,,,,
mint__Technology_Mapping__Cycle__Cycle_fromMINT,mint,Technology_Mapping/Cycle/Cycle_fromMINT.json,success,1.019,0.766213,,True,missing,,,,,,,,
mint__Technology_Mapping__Instance_Mapping__Instance_Mapping_fromMINT,mint,Technology_Mapping/Instance_Mapping/Instance_Mapping_fromMINT.json,success,0.968,0.708243,,True,missing,,,,,,,,
mint__Technology_Mapping__N_Greater_M_Map__N_Greater_M_Map_fromMINT,mint,Technology_Mapping/N_Greater_M_Map/N_Greater_M_Map_fromMINT.json,success,1.119,0.878383,,True,missing,,,,,,,,
mint__Technology_Mapping__N_Less_M_Map__N_Less_M_Map_fromMINT,mint,Technology_Mapping/N_Less_M_Map/N_Less_M_Map_fromMINT.json,success,1.119,0.879042,,True,missing,,,,,,,,
mint__Technology_Mapping__One_To_One_Mapping__One_To_One_Mapping_fromMINT,mint,Technology_Mapping/One_To_One_Mapping/One_To_One_Mapping_fromMINT.json,success,0.918,0.707425,,True,missing,,,,,,,,
mint__Technology_Mapping__Tree_Bus__Tree_Bus_fromMINT,mint,Technology_Mapping/Tree_Bus/Tree_Bus_fromMINT.json,success,1.127,0.896099,,True,missing,,,,,,,,
mint__Technology_Mapping__Tree_Fanin_Mapping__Tree_Fanin_Mapping_fromMINT,mint,Technology_Mapping/Tree_Fanin_Mapping/Tree_Fanin_Mapping_fromMINT.json,success,1.17,0.920548,,True,missing,,,,,,,,
mint__Technology_Mapping__Tree_Fanout_Mapping_1__Tree_Fanout_Mapping_1_fromMINT,mint,Technology_Mapping/Tree_Fanout_Mapping_1/Tree_Fanout_Mapping_1_fromMINT.json,success,1.118,0.897715,,True,missing,,,,,,,,
mint__Technology_Mapping__Tree_Fanout_Mapping_2__Tree_Fanout_Mapping_2_fromMINT,mint,Technology_Mapping/Tree_Fanout_Mapping_2/Tree_Fanout_Mapping_2_fromMINT.json,success,1.118,0.892888,,True,missing,,,,,,,,
mint__Technology_Mapping__Tree_Fanout_Mapping_3__Tree_Fanout_Mapping_3_fromMINT,mint,Technology_Mapping/Tree_Fanout_Mapping_3/Tree_Fanout_Mapping_3_fromMINT.json,success,1.118,0.899842,,True,missing,,,,,,,,
mint__Technology_Mapping__Tree_Storage_Bus_Mapping__Tree_Storage_Bus_Mapping_fromMINT,mint,Technology_Mapping/Tree_Storage_Bus_Mapping/Tree_Storage_Bus_Mapping_fromMINT.json,success,1.37,1.122356,,True,missing,,,,,,,,
mint__Transport_Networks__Distribute_Network_Examples__Distribute_Network_Examples_fromMINT,mint,Transport_Networks/Distribute_Network_Examples/Distribute_Network_Examples_fromMINT.json,success,3.826,3.565114,,True,missing,,,,,,,,
mint__Transport_Networks__One_To_8__One_To_8_fromMINT,mint,Transport_Networks/One_To_8/One_To_8_fromMINT.json,success,3.776,3.566311,,True,missing,,,,,,,,
mint__Transport_Networks__One_To_One__One_To_One_fromMINT,mint,Transport_Networks/One_To_One/One_To_One_fromMINT.json,success,0.968,0.727936,,True,missing,,,,,,,,
quick__DIYcomponent__DIYcomponent_fromLFR,quick,DIYcomponent/DIYcomponent_fromLFR.json,success,0.974,0.712009,,True,missing,,,,,,,,
quick__diy_with_mixer_demo__diy_with_mixer_demo_fromLFR,quick,diy_with_mixer_demo/diy_with_mixer_demo_fromLFR.json,success,0.968,0.747105,,True,missing,,,,,,,,
quick__droplet_generator__droplet_generator_fromLFR,quick,droplet_generator/droplet_generator_fromLFR.json,success,0.969,0.745611,,True,missing,,,,,,,,
quick__flow_and_control_demo__flow_and_control_demo_fromLFR,quick,flow_and_control_demo/flow_and_control_demo_fromLFR.json,success,1.37,1.119659,,True,missing,,,,,,,,
quick__flow_and_control_demo__flow_and_control_demo_fromMINT,quick,flow_and_control_demo/flow_and_control_demo_fromMINT.json,success,1.271,1.048766,,True,missing,,,,,,,,
quick__flow_only_demo__flow_only_demo_fromLFR,quick,flow_only_demo/flow_only_demo_fromLFR.json,success,0.968,0.726293,,True,missing,,,,,,,,
quick__flow_only_demo__flow_only_demo_fromMINT,quick,flow_only_demo/flow_only_demo_fromMINT.json,success,0.976,0.73068,,True,missing,,,,,,,,
quick__import_droplet_reaction__import_droplet_reaction_fromLFR,quick,import_droplet_reaction/import_droplet_reaction_fromLFR.json,success,2.021,1.796285,,True,missing,,,,,,,,
quick__import_mixer_and_incubator__import_mixer_and_incubator_fromLFR,quick,import_mixer_and_incubator/import_mixer_and_incubator_fromLFR.json,success,0.967,0.746858,,True,missing,,,,,,,,
quick__import_parallel_premix__import_parallel_premix_fromLFR,quick,import_parallel_premix/import_parallel_premix_fromLFR.json,success,1.068,0.837856,,True,missing,,,,,,,,
quick__incubator__incubator_fromLFR,quick,incubator/incubator_fromLFR.json,success,0.968,0.708965,,True,missing,,,,,,,,
quick__mixer_3to1__mixer_3to1_fromLFR,quick,mixer_3to1/mixer_3to1_fromLFR.json,success,1.019,0.765495,,True,missing,,,,,,,,
quick__mux1to4__mux1to4_fromLFR,quick,mux1to4/mux1to4_fromLFR.json,success,1.319,1.101252,,True,missing,,,,,,,,
quick__mux4to1__mux4to1_fromLFR,quick,mux4to1/mux4to1_fromLFR.json,success,1.371,1.138318,,True,missing,,,,,,,,
quick__test_DIY_crossing__test_DIY_crossing_fromLFR,quick,test_DIY_crossing/test_DIY_crossing_fromLFR.json,success,0.968,0.748354,,True,missing,,,,,,,,
quick__test_DIY_fork__test_DIY_fork_fromLFR,quick,test_DIY_fork/test_DIY_fork_fromLFR.json,success,0.968,0.728687,,True,missing,,,,,,,,
quick__test_device_MUX4to1__test_device_MUX4to1_fromLFR,quick,test_device_MUX4to1/test_device_MUX4to1_fromLFR.json,success,1.419,1.184858,,True,missing,,,,,,,,
quick__test_device__test_device_fromLFR,quick,test_device/test_device_fromLFR.json,success,16.165,15.923123,,True,missing,,,,,,,,
quick__test_device_two_MUX4to1__test_device_two_MUX4to1_fromLFR,quick,test_device_two_MUX4to1/test_device_two_MUX4to1_fromLFR.json,success,5.984,5.737303,,True,missing,,,,,,,,
quick__three_in_mixer__three_in_mixer_fromLFR,quick,three_in_mixer/three_in_mixer_fromLFR.json,success,0.967,0.759898,,True,missing,,,,,,,,
quick__two_in_mixer__two_in_mixer_fromLFR,quick,two_in_mixer/two_in_mixer_fromLFR.json,success,0.968,0.724825,,True,missing,,,,,,,,
