index,suite,case,relative_input,source,algorithm,status,reason,wall_seconds,worker_seconds,exit_code,solver_status,placement_optimal,ilp_runtime_seconds,drc_passed,violation_count,control_required,control_passed,is_placed_and_routed,total_channel_manhattan_length,physical_area,padded_area,output_json,metrics_json,log,artifact_dir
3,lfr,lfr__CIDAR_Lab_Past_Devices__Dual_Lane_Droplet__Dual_Lane_Droplet_fromLFR,CIDAR_Lab_Past_Devices/Dual_Lane_Droplet/Dual_Lane_Droplet_fromLFR.json,/home/student/Desktop/Neptune_2026/Microfluidics-Benchmarks/Results/LFR_TestCases/CIDAR_Lab_Past_Devices/Dual_Lane_Droplet/Dual_Lane_Droplet_fromLFR.json,tree,success,,2.527,2.295599,0,,,,,,,,True,,,,/home/student/Desktop/Neptune_2026/Microfluidics-Benchmarks/Results/tree_full_20260916_132005/artifacts/lfr__CIDAR_Lab_Past_Devices__Dual_Lane_Droplet__Dual_Lane_Droplet_fromLFR/result.json,,Microfluidics-Benchmarks/Results/tree_full_20260916_132005/logs/lfr__CIDAR_Lab_Past_Devices__Dual_Lane_Droplet__Dual_Lane_Droplet_fromLFR.log,Microfluidics-Benchmarks/Results/tree_full_20260916_132005/artifacts/lfr__CIDAR_Lab_Past_Devices__Dual_Lane_Droplet__Dual_Lane_Droplet_fromLFR
4,lfr,lfr__CIDAR_Lab_Past_Devices__Genetic_Clock_Testing_Tool__Genetic_Clock_Testing_Tool_fromLFR,CIDAR_Lab_Past_Devices/Genetic_Clock_Testing_Tool/Genetic_Clock_Testing_Tool_fromLFR.json,/home/student/Desktop/Neptune_2026/Microfluidics-Benchmarks/Results/LFR_TestCases/CIDAR_Lab_Past_Devices/Genetic_Clock_Testing_Tool/Genetic_Clock_Testing_Tool_fromLFR.json,tree,success,,1.119,0.907691,0,,,,,,,,True,,,,/home/student/Desktop/Neptune_2026/Microfluidics-Benchmarks/Results/tree_full_20260916_132005/artifacts/lfr__CIDAR_Lab_Past_Devices__Genetic_Clock_Testing_Tool__Genetic_Clock_Testing_Tool_fromLFR/result.json,,Microfluidics-Benchmarks/Results/tree_full_20260916_132005/logs/lfr__CIDAR_Lab_Past_Devices__Genetic_Clock_Testing_Tool__Genetic_Clock_Testing_Tool_fromLFR.log,Microfluidics-Benchmarks/Results/tree_full_20260916_132005/artifacts/lfr__CIDAR_Lab_Past_Devices__Genetic_Clock_Testing_Tool__Genetic_Clock_Testing_Tool_fromLFR
5,lfr,lfr__CIDAR_Lab_Past_Devices__Glycoform__Glycoform_fromLFR,CIDAR_Lab_Past_Devices/Glycoform/Glycoform_fromLFR.json,/home/student/Desktop/Neptune_2026/Microfluidics-Benchmarks/Results/LFR_TestCases/CIDAR_Lab_Past_Devices/Glycoform/Glycoform_fromLFR.json,tree,success,,1.223,1.009174,0,,,,,,,,True,,,,/home/student/Desktop/Neptune_2026/Microfluidics-Benchmarks/Results/tree_full_20260916_132005/artifacts/lfr__CIDAR_Lab_Past_Devices__Glycoform__Glycoform_fromLFR/result.json,,Microfluidics-Benchmarks/Results/tree_full_20260916_132005/logs/lfr__CIDAR_Lab_Past_Devices__Glycoform__Glycoform_fromLFR.log,Microfluidics-Benchmarks/Results/tree_full_20260916_132005/artifacts/lfr__CIDAR_Lab_Past_Devices__Glycoform__Glycoform_fromLFR
6,lfr,lfr__CIDAR_Lab_Past_Devices__Grad_Cells__Grad_Cells_fromLFR,CIDAR_Lab_Past_Devices/Grad_Cells/Grad_Cells_fromLFR.json,/home/student/Desktop/Neptune_2026/Microfluidics-Benchmarks/Results/LFR_TestCases/CIDAR_Lab_Past_Devices/Grad_Cells/Grad_Cells_fromLFR.json,tree,success,,5.488,5.284605,0,,,,,,,,True,,,,/home/student/Desktop/Neptune_2026/Microfluidics-Benchmarks/Results/tree_full_20260916_132005/artifacts/lfr__CIDAR_Lab_Past_Devices__Grad_Cells__Grad_Cells_fromLFR/result.json,,Microfluidics-Benchmarks/Results/tree_full_20260916_132005/logs/lfr__CIDAR_Lab_Past_Devices__Grad_Cells__Grad_Cells_fromLFR.log,Microfluidics-Benchmarks/Results/tree_full_20260916_132005/artifacts/lfr__CIDAR_Lab_Past_Devices__Grad_Cells__Grad_Cells_fromLFR
8,lfr,lfr__CIDAR_Lab_Past_Devices__Hasty_Cell_Traps__Hasty_Cell_Traps_fromLFR,CIDAR_Lab_Past_Devices/Hasty_Cell_Traps/Hasty_Cell_Traps_fromLFR.json,/home/student/Desktop/Neptune_2026/Microfluidics-Benchmarks/Results/LFR_TestCases/CIDAR_Lab_Past_Devices/Hasty_Cell_Traps/Hasty_Cell_Traps_fromLFR.json,tree,success,,1.073,0.833082,0,,,,,,,,True,,,,/home/student/Desktop/Neptune_2026/Microfluidics-Benchmarks/Results/tree_full_20260916_132005/artifacts/lfr__CIDAR_Lab_Past_Devices__Hasty_Cell_Traps__Hasty_Cell_Traps_fromLFR/result.json,,Microfluidics-Benchmarks/Results/tree_full_20260916_132005/logs/lfr__CIDAR_Lab_Past_Devices__Hasty_Cell_Traps__Hasty_Cell_Traps_fromLFR.log,Microfluidics-Benchmarks/Results/tree_full_20260916_132005/artifacts/lfr__CIDAR_Lab_Past_Devices__Hasty_Cell_Traps__Hasty_Cell_Traps_fromLFR
9,lfr,lfr__CIDAR_Lab_Past_Devices__Hmlp_Dual_Bank__Hmlp_Dual_Bank_fromLFR,CIDAR_Lab_Past_Devices/Hmlp_Dual_Bank/Hmlp_Dual_Bank_fromLFR.json,/home/student/Desktop/Neptune_2026/Microfluidics-Benchmarks/Results/LFR_TestCases/CIDAR_Lab_Past_Devices/Hmlp_Dual_Bank/Hmlp_Dual_Bank_fromLFR.json,tree,fail,exit_code=-9; missing or unsuccessful worker result,672.466,,-9,,,,,,,,,,,,,,Microfluidics-Benchmarks/Results/tree_full_20260916_132005/logs/lfr__CIDAR_Lab_Past_Devices__Hmlp_Dual_Bank__Hmlp_Dual_Bank_fromLFR.log,Microfluidics-Benchmarks/Results/tree_full_20260916_132005/artifacts/lfr__CIDAR_Lab_Past_Devices__Hmlp_Dual_Bank__Hmlp_Dual_Bank_fromLFR
10,lfr,lfr__CIDAR_Lab_Past_Devices__Incubator__Incubator_fromLFR,CIDAR_Lab_Past_Devices/Incubator/Incubator_fromLFR.json,/home/student/Desktop/Neptune_2026/Microfluidics-Benchmarks/Results/LFR_TestCases/CIDAR_Lab_Past_Devices/Incubator/Incubator_fromLFR.json,tree,success,,517.669,517.437261,0,,,,,,,,True,,,,/home/student/Desktop/Neptune_2026/Microfluidics-Benchmarks/Results/tree_full_20260916_132005/artifacts/lfr__CIDAR_Lab_Past_Devices__Incubator__Incubator_fromLFR/result.json,,Microfluidics-Benchmarks/Results/tree_full_20260916_132005/logs/lfr__CIDAR_Lab_Past_Devices__Incubator__Incubator_fromLFR.log,Microfluidics-Benchmarks/Results/tree_full_20260916_132005/artifacts/lfr__CIDAR_Lab_Past_Devices__Incubator__Incubator_fromLFR
12,lfr,lfr__CIDAR_Lab_Past_Devices__Kinetics__Kinetics_fromLFR,CIDAR_Lab_Past_Devices/Kinetics/Kinetics_fromLFR.json,/home/student/Desktop/Neptune_2026/Microfluidics-Benchmarks/Results/LFR_TestCases/CIDAR_Lab_Past_Devices/Kinetics/Kinetics_fromLFR.json,tree,success,,1.024,0.81305,0,,,,,,,,True,,,,/home/student/Desktop/Neptune_2026/Microfluidics-Benchmarks/Results/tree_full_20260916_132005/artifacts/lfr__CIDAR_Lab_Past_Devices__Kinetics__Kinetics_fromLFR/result.json,,Microfluidics-Benchmarks/Results/tree_full_20260916_132005/logs/lfr__CIDAR_Lab_Past_Devices__Kinetics__Kinetics_fromLFR.log,Microfluidics-Benchmarks/Results/tree_full_20260916_132005/artifacts/lfr__CIDAR_Lab_Past_Devices__Kinetics__Kinetics_fromLFR
13,lfr,lfr__CIDAR_Lab_Past_Devices__Logic_04__Logic_04_fromLFR,CIDAR_Lab_Past_Devices/Logic_04/Logic_04_fromLFR.json,/home/student/Desktop/Neptune_2026/Microfluidics-Benchmarks/Results/LFR_TestCases/CIDAR_Lab_Past_Devices/Logic_04/Logic_04_fromLFR.json,tree,success,,342.995,342.698603,0,,,,,,,,True,,,,/home/student/Desktop/Neptune_2026/Microfluidics-Benchmarks/Results/tree_full_20260916_132005/artifacts/lfr__CIDAR_Lab_Past_Devices__Logic_04__Logic_04_fromLFR/result.json,,Microfluidics-Benchmarks/Results/tree_full_20260916_132005/logs/lfr__CIDAR_Lab_Past_Devices__Logic_04__Logic_04_fromLFR.log,Microfluidics-Benchmarks/Results/tree_full_20260916_132005/artifacts/lfr__CIDAR_Lab_Past_Devices__Logic_04__Logic_04_fromLFR
14,lfr,lfr__CIDAR_Lab_Past_Devices__Mfd_005_Chip__Mfd_005_Chip_fromLFR,CIDAR_Lab_Past_Devices/Mfd_005_Chip/Mfd_005_Chip_fromLFR.json,/home/student/Desktop/Neptune_2026/Microfluidics-Benchmarks/Results/LFR_TestCases/CIDAR_Lab_Past_Devices/Mfd_005_Chip/Mfd_005_Chip_fromLFR.json,tree,success,,1.224,0.975232,0,,,,,,,,True,,,,/home/student/Desktop/Neptune_2026/Microfluidics-Benchmarks/Results/tree_full_20260916_132005/artifacts/lfr__CIDAR_Lab_Past_Devices__Mfd_005_Chip__Mfd_005_Chip_fromLFR/result.json,,Microfluidics-Benchmarks/Results/tree_full_20260916_132005/logs/lfr__CIDAR_Lab_Past_Devices__Mfd_005_Chip__Mfd_005_Chip_fromLFR.log,Microfluidics-Benchmarks/Results/tree_full_20260916_132005/artifacts/lfr__CIDAR_Lab_Past_Devices__Mfd_005_Chip__Mfd_005_Chip_fromLFR
15,lfr,lfr__CIDAR_Lab_Past_Devices__Microalgal_Bioassay__Microalgal_Bioassay_fromLFR,CIDAR_Lab_Past_Devices/Microalgal_Bioassay/Microalgal_Bioassay_fromLFR.json,/home/student/Desktop/Neptune_2026/Microfluidics-Benchmarks/Results/LFR_TestCases/CIDAR_Lab_Past_Devices/Microalgal_Bioassay/Microalgal_Bioassay_fromLFR.json,tree,success,,1.223,0.971258,0,,,,,,,,True,,,,/home/student/Desktop/Neptune_2026/Microfluidics-Benchmarks/Results/tree_full_20260916_132005/artifacts/lfr__CIDAR_Lab_Past_Devices__Microalgal_Bioassay__Microalgal_Bioassay_fromLFR/result.json,,Microfluidics-Benchmarks/Results/tree_full_20260916_132005/logs/lfr__CIDAR_Lab_Past_Devices__Microalgal_Bioassay__Microalgal_Bioassay_fromLFR.log,Microfluidics-Benchmarks/Results/tree_full_20260916_132005/artifacts/lfr__CIDAR_Lab_Past_Devices__Microalgal_Bioassay__Microalgal_Bioassay_fromLFR
16,lfr,lfr__CIDAR_Lab_Past_Devices__Microdroplet__Microdroplet_fromLFR,CIDAR_Lab_Past_Devices/Microdroplet/Microdroplet_fromLFR.json,/home/student/Desktop/Neptune_2026/Microfluidics-Benchmarks/Results/LFR_TestCases/CIDAR_Lab_Past_Devices/Microdroplet/Microdroplet_fromLFR.json,tree,success,,223.135,222.847813,0,,,,,,,,True,,,,/home/student/Desktop/Neptune_2026/Microfluidics-Benchmarks/Results/tree_full_20260916_132005/artifacts/lfr__CIDAR_Lab_Past_Devices__Microdroplet__Microdroplet_fromLFR/result.json,,Microfluidics-Benchmarks/Results/tree_full_20260916_132005/logs/lfr__CIDAR_Lab_Past_Devices__Microdroplet__Microdroplet_fromLFR.log,Microfluidics-Benchmarks/Results/tree_full_20260916_132005/artifacts/lfr__CIDAR_Lab_Past_Devices__Microdroplet__Microdroplet_fromLFR
17,lfr,lfr__CIDAR_Lab_Past_Devices__Microreactor__Microreactor_fromLFR,CIDAR_Lab_Past_Devices/Microreactor/Microreactor_fromLFR.json,/home/student/Desktop/Neptune_2026/Microfluidics-Benchmarks/Results/LFR_TestCases/CIDAR_Lab_Past_Devices/Microreactor/Microreactor_fromLFR.json,tree,success,,74.074,73.836828,0,,,,,,,,True,,,,/home/student/Desktop/Neptune_2026/Microfluidics-Benchmarks/Results/tree_full_20260916_132005/artifacts/lfr__CIDAR_Lab_Past_Devices__Microreactor__Microreactor_fromLFR/result.json,,Microfluidics-Benchmarks/Results/tree_full_20260916_132005/logs/lfr__CIDAR_Lab_Past_Devices__Microreactor__Microreactor_fromLFR.log,Microfluidics-Benchmarks/Results/tree_full_20260916_132005/artifacts/lfr__CIDAR_Lab_Past_Devices__Microreactor__Microreactor_fromLFR
18,lfr,lfr__CIDAR_Lab_Past_Devices__Mix_Incubate_Express__Mix_Incubate_Express_fromLFR,CIDAR_Lab_Past_Devices/Mix_Incubate_Express/Mix_Incubate_Express_fromLFR.json,/home/student/Desktop/Neptune_2026/Microfluidics-Benchmarks/Results/LFR_TestCases/CIDAR_Lab_Past_Devices/Mix_Incubate_Express/Mix_Incubate_Express_fromLFR.json,tree,success,,0.967,0.790943,0,,,,,,,,True,,,,/home/student/Desktop/Neptune_2026/Microfluidics-Benchmarks/Results/tree_full_20260916_132005/artifacts/lfr__CIDAR_Lab_Past_Devices__Mix_Incubate_Express__Mix_Incubate_Express_fromLFR/result.json,,Microfluidics-Benchmarks/Results/tree_full_20260916_132005/logs/lfr__CIDAR_Lab_Past_Devices__Mix_Incubate_Express__Mix_Incubate_Express_fromLFR.log,Microfluidics-Benchmarks/Results/tree_full_20260916_132005/artifacts/lfr__CIDAR_Lab_Past_Devices__Mix_Incubate_Express__Mix_Incubate_Express_fromLFR
19,lfr,lfr__CIDAR_Lab_Past_Devices__Multi_Input__Multi_Input_fromLFR,CIDAR_Lab_Past_Devices/Multi_Input/Multi_Input_fromLFR.json,/home/student/Desktop/Neptune_2026/Microfluidics-Benchmarks/Results/LFR_TestCases/CIDAR_Lab_Past_Devices/Multi_Input/Multi_Input_fromLFR.json,tree,success,,51.506,51.242645,0,,,,,,,,True,,,,/home/student/Desktop/Neptune_2026/Microfluidics-Benchmarks/Results/tree_full_20260916_132005/artifacts/lfr__CIDAR_Lab_Past_Devices__Multi_Input__Multi_Input_fromLFR/result.json,,Microfluidics-Benchmarks/Results/tree_full_20260916_132005/logs/lfr__CIDAR_Lab_Past_Devices__Multi_Input__Multi_Input_fromLFR.log,Microfluidics-Benchmarks/Results/tree_full_20260916_132005/artifacts/lfr__CIDAR_Lab_Past_Devices__Multi_Input__Multi_Input_fromLFR
20,lfr,lfr__CIDAR_Lab_Past_Devices__MUX_96_Chambers__MUX_96_Chambers_fromLFR,CIDAR_Lab_Past_Devices/MUX_96_Chambers/MUX_96_Chambers_fromLFR.json,/home/student/Desktop/Neptune_2026/Microfluidics-Benchmarks/Results/LFR_TestCases/CIDAR_Lab_Past_Devices/MUX_96_Chambers/MUX_96_Chambers_fromLFR.json,tree,success,,5.08,4.811025,0,,,,,,,,True,,,,/home/student/Desktop/Neptune_2026/Microfluidics-Benchmarks/Results/tree_full_20260916_132005/artifacts/lfr__CIDAR_Lab_Past_Devices__MUX_96_Chambers__MUX_96_Chambers_fromLFR/result.json,,Microfluidics-Benchmarks/Results/tree_full_20260916_132005/logs/lfr__CIDAR_Lab_Past_Devices__MUX_96_Chambers__MUX_96_Chambers_fromLFR.log,Microfluidics-Benchmarks/Results/tree_full_20260916_132005/artifacts/lfr__CIDAR_Lab_Past_Devices__MUX_96_Chambers__MUX_96_Chambers_fromLFR
21,lfr,lfr__CIDAR_Lab_Past_Devices__Net_MUX__Net_MUX_fromLFR,CIDAR_Lab_Past_Devices/Net_MUX/Net_MUX_fromLFR.json,/home/student/Desktop/Neptune_2026/Microfluidics-Benchmarks/Results/LFR_TestCases/CIDAR_Lab_Past_Devices/Net_MUX/Net_MUX_fromLFR.json,tree,success,,378.642,378.354162,0,,,,,,,,True,,,,/home/student/Desktop/Neptune_2026/Microfluidics-Benchmarks/Results/tree_full_20260916_132005/artifacts/lfr__CIDAR_Lab_Past_Devices__Net_MUX__Net_MUX_fromLFR/result.json,,Microfluidics-Benchmarks/Results/tree_full_20260916_132005/logs/lfr__CIDAR_Lab_Past_Devices__Net_MUX__Net_MUX_fromLFR.log,Microfluidics-Benchmarks/Results/tree_full_20260916_132005/artifacts/lfr__CIDAR_Lab_Past_Devices__Net_MUX__Net_MUX_fromLFR
22,lfr,lfr__CIDAR_Lab_Past_Devices__Nine_To_One_MUX__Nine_To_One_MUX_fromLFR,CIDAR_Lab_Past_Devices/Nine_To_One_MUX/Nine_To_One_MUX_fromLFR.json,/home/student/Desktop/Neptune_2026/Microfluidics-Benchmarks/Results/LFR_TestCases/CIDAR_Lab_Past_Devices/Nine_To_One_MUX/Nine_To_One_MUX_fromLFR.json,tree,success,,446.365,446.139114,0,,,,,,,,True,,,,/home/student/Desktop/Neptune_2026/Microfluidics-Benchmarks/Results/tree_full_20260916_132005/artifacts/lfr__CIDAR_Lab_Past_Devices__Nine_To_One_MUX__Nine_To_One_MUX_fromLFR/result.json,,Microfluidics-Benchmarks/Results/tree_full_20260916_132005/logs/lfr__CIDAR_Lab_Past_Devices__Nine_To_One_MUX__Nine_To_One_MUX_fromLFR.log,Microfluidics-Benchmarks/Results/tree_full_20260916_132005/artifacts/lfr__CIDAR_Lab_Past_Devices__Nine_To_One_MUX__Nine_To_One_MUX_fromLFR
23,lfr,lfr__CIDAR_Lab_Past_Devices__Number_Declarations__Number_Declarations_fromLFR,CIDAR_Lab_Past_Devices/Number_Declarations/Number_Declarations_fromLFR.json,/home/student/Desktop/Neptune_2026/Microfluidics-Benchmarks/Results/LFR_TestCases/CIDAR_Lab_Past_Devices/Number_Declarations/Number_Declarations_fromLFR.json,tree,success,,0.917,0.705807,0,,,,,,,,True,,,,/home/student/Desktop/Neptune_2026/Microfluidics-Benchmarks/Results/tree_full_20260916_132005/artifacts/lfr__CIDAR_Lab_Past_Devices__Number_Declarations__Number_Declarations_fromLFR/result.json,,Microfluidics-Benchmarks/Results/tree_full_20260916_132005/logs/lfr__CIDAR_Lab_Past_Devices__Number_Declarations__Number_Declarations_fromLFR.log,Microfluidics-Benchmarks/Results/tree_full_20260916_132005/artifacts/lfr__CIDAR_Lab_Past_Devices__Number_Declarations__Number_Declarations_fromLFR
24,lfr,lfr__CIDAR_Lab_Past_Devices__Olfactory__Olfactory_fromLFR,CIDAR_Lab_Past_Devices/Olfactory/Olfactory_fromLFR.json,/home/student/Desktop/Neptune_2026/Microfluidics-Benchmarks/Results/LFR_TestCases/CIDAR_Lab_Past_Devices/Olfactory/Olfactory_fromLFR.json,tree,success,,1.871,1.626772,0,,,,,,,,True,,,,/home/student/Desktop/Neptune_2026/Microfluidics-Benchmarks/Results/tree_full_20260916_132005/artifacts/lfr__CIDAR_Lab_Past_Devices__Olfactory__Olfactory_fromLFR/result.json,,Microfluidics-Benchmarks/Results/tree_full_20260916_132005/logs/lfr__CIDAR_Lab_Past_Devices__Olfactory__Olfactory_fromLFR.log,Microfluidics-Benchmarks/Results/tree_full_20260916_132005/artifacts/lfr__CIDAR_Lab_Past_Devices__Olfactory__Olfactory_fromLFR
25,lfr,lfr__CIDAR_Lab_Past_Devices__Pump_Passthrough__Pump_Passthrough_fromLFR,CIDAR_Lab_Past_Devices/Pump_Passthrough/Pump_Passthrough_fromLFR.json,/home/student/Desktop/Neptune_2026/Microfluidics-Benchmarks/Results/LFR_TestCases/CIDAR_Lab_Past_Devices/Pump_Passthrough/Pump_Passthrough_fromLFR.json,tree,success,,0.917,0.711651,0,,,,,,,,True,,,,/home/student/Desktop/Neptune_2026/Microfluidics-Benchmarks/Results/tree_full_20260916_132005/artifacts/lfr__CIDAR_Lab_Past_Devices__Pump_Passthrough__Pump_Passthrough_fromLFR/result.json,,Microfluidics-Benchmarks/Results/tree_full_20260916_132005/logs/lfr__CIDAR_Lab_Past_Devices__Pump_Passthrough__Pump_Passthrough_fromLFR.log,Microfluidics-Benchmarks/Results/tree_full_20260916_132005/artifacts/lfr__CIDAR_Lab_Past_Devices__Pump_Passthrough__Pump_Passthrough_fromLFR
26,lfr,lfr__CIDAR_Lab_Past_Devices__Ring__Ring_fromLFR,CIDAR_Lab_Past_Devices/Ring/Ring_fromLFR.json,/home/student/Desktop/Neptune_2026/Microfluidics-Benchmarks/Results/LFR_TestCases/CIDAR_Lab_Past_Devices/Ring/Ring_fromLFR.json,tree,success,,1.018,0.814188,0,,,,,,,,True,,,,/home/student/Desktop/Neptune_2026/Microfluidics-Benchmarks/Results/tree_full_20260916_132005/artifacts/lfr__CIDAR_Lab_Past_Devices__Ring__Ring_fromLFR/result.json,,Microfluidics-Benchmarks/Results/tree_full_20260916_132005/logs/lfr__CIDAR_Lab_Past_Devices__Ring__Ring_fromLFR.log,Microfluidics-Benchmarks/Results/tree_full_20260916_132005/artifacts/lfr__CIDAR_Lab_Past_Devices__Ring__Ring_fromLFR
27,lfr,lfr__CIDAR_Lab_Past_Devices__Root_Chip__Root_Chip_fromLFR,CIDAR_Lab_Past_Devices/Root_Chip/Root_Chip_fromLFR.json,/home/student/Desktop/Neptune_2026/Microfluidics-Benchmarks/Results/LFR_TestCases/CIDAR_Lab_Past_Devices/Root_Chip/Root_Chip_fromLFR.json,tree,success,,430.385,430.149818,0,,,,,,,,True,,,,/home/student/Desktop/Neptune_2026/Microfluidics-Benchmarks/Results/tree_full_20260916_132005/artifacts/lfr__CIDAR_Lab_Past_Devices__Root_Chip__Root_Chip_fromLFR/result.json,,Microfluidics-Benchmarks/Results/tree_full_20260916_132005/logs/lfr__CIDAR_Lab_Past_Devices__Root_Chip__Root_Chip_fromLFR.log,Microfluidics-Benchmarks/Results/tree_full_20260916_132005/artifacts/lfr__CIDAR_Lab_Past_Devices__Root_Chip__Root_Chip_fromLFR
29,lfr,lfr__CIDAR_Lab_Past_Devices__Rotary_Cells__Rotary_Cells_fromLFR,CIDAR_Lab_Past_Devices/Rotary_Cells/Rotary_Cells_fromLFR.json,/home/student/Desktop/Neptune_2026/Microfluidics-Benchmarks/Results/LFR_TestCases/CIDAR_Lab_Past_Devices/Rotary_Cells/Rotary_Cells_fromLFR.json,tree,success,,57.124,56.850689,0,,,,,,,,True,,,,/home/student/Desktop/Neptune_2026/Microfluidics-Benchmarks/Results/tree_full_20260916_132005/artifacts/lfr__CIDAR_Lab_Past_Devices__Rotary_Cells__Rotary_Cells_fromLFR/result.json,,Microfluidics-Benchmarks/Results/tree_full_20260916_132005/logs/lfr__CIDAR_Lab_Past_Devices__Rotary_Cells__Rotary_Cells_fromLFR.log,Microfluidics-Benchmarks/Results/tree_full_20260916_132005/artifacts/lfr__CIDAR_Lab_Past_Devices__Rotary_Cells__Rotary_Cells_fromLFR
30,lfr,lfr__CIDAR_Lab_Past_Devices__Seeding__Seeding_fromLFR,CIDAR_Lab_Past_Devices/Seeding/Seeding_fromLFR.json,/home/student/Desktop/Neptune_2026/Microfluidics-Benchmarks/Results/LFR_TestCases/CIDAR_Lab_Past_Devices/Seeding/Seeding_fromLFR.json,tree,success,,364.89,364.605104,0,,,,,,,,True,,,,/home/student/Desktop/Neptune_2026/Microfluidics-Benchmarks/Results/tree_full_20260916_132005/artifacts/lfr__CIDAR_Lab_Past_Devices__Seeding__Seeding_fromLFR/result.json,,Microfluidics-Benchmarks/Results/tree_full_20260916_132005/logs/lfr__CIDAR_Lab_Past_Devices__Seeding__Seeding_fromLFR.log,Microfluidics-Benchmarks/Results/tree_full_20260916_132005/artifacts/lfr__CIDAR_Lab_Past_Devices__Seeding__Seeding_fromLFR
31,lfr,lfr__CIDAR_Lab_Past_Devices__Three_Reagent_Mix__Three_Reagent_Mix_fromLFR,CIDAR_Lab_Past_Devices/Three_Reagent_Mix/Three_Reagent_Mix_fromLFR.json,/home/student/Desktop/Neptune_2026/Microfluidics-Benchmarks/Results/LFR_TestCases/CIDAR_Lab_Past_Devices/Three_Reagent_Mix/Three_Reagent_Mix_fromLFR.json,tree,success,,1.167,0.94946,0,,,,,,,,True,,,,/home/student/Desktop/Neptune_2026/Microfluidics-Benchmarks/Results/tree_full_20260916_132005/artifacts/lfr__CIDAR_Lab_Past_Devices__Three_Reagent_Mix__Three_Reagent_Mix_fromLFR/result.json,,Microfluidics-Benchmarks/Results/tree_full_20260916_132005/logs/lfr__CIDAR_Lab_Past_Devices__Three_Reagent_Mix__Three_Reagent_Mix_fromLFR.log,Microfluidics-Benchmarks/Results/tree_full_20260916_132005/artifacts/lfr__CIDAR_Lab_Past_Devices__Three_Reagent_Mix__Three_Reagent_Mix_fromLFR
32,lfr,lfr__COVID__Aj_Rtpcr_8_Primer__Aj_Rtpcr_8_Primer_fromLFR,COVID/Aj_Rtpcr_8_Primer/Aj_Rtpcr_8_Primer_fromLFR.json,/home/student/Desktop/Neptune_2026/Microfluidics-Benchmarks/Results/LFR_TestCases/COVID/Aj_Rtpcr_8_Primer/Aj_Rtpcr_8_Primer_fromLFR.json,tree,success,,18.771,18.486055,0,,,,,,,,True,,,,/home/student/Desktop/Neptune_2026/Microfluidics-Benchmarks/Results/tree_full_20260916_132005/artifacts/lfr__COVID__Aj_Rtpcr_8_Primer__Aj_Rtpcr_8_Primer_fromLFR/result.json,,Microfluidics-Benchmarks/Results/tree_full_20260916_132005/logs/lfr__COVID__Aj_Rtpcr_8_Primer__Aj_Rtpcr_8_Primer_fromLFR.log,Microfluidics-Benchmarks/Results/tree_full_20260916_132005/artifacts/lfr__COVID__Aj_Rtpcr_8_Primer__Aj_Rtpcr_8_Primer_fromLFR
33,lfr,lfr__COVID__Arize__Arize_fromLFR,COVID/Arize/Arize_fromLFR.json,/home/student/Desktop/Neptune_2026/Microfluidics-Benchmarks/Results/LFR_TestCases/COVID/Arize/Arize_fromLFR.json,tree,success,,110.93,110.629391,0,,,,,,,,True,,,,/home/student/Desktop/Neptune_2026/Microfluidics-Benchmarks/Results/tree_full_20260916_132005/artifacts/lfr__COVID__Arize__Arize_fromLFR/result.json,,Microfluidics-Benchmarks/Results/tree_full_20260916_132005/logs/lfr__COVID__Arize__Arize_fromLFR.log,Microfluidics-Benchmarks/Results/tree_full_20260916_132005/artifacts/lfr__COVID__Arize__Arize_fromLFR
34,lfr,lfr__COVID__Covid_Crispr__Covid_Crispr_fromLFR,COVID/Covid_Crispr/Covid_Crispr_fromLFR.json,/home/student/Desktop/Neptune_2026/Microfluidics-Benchmarks/Results/LFR_TestCases/COVID/Covid_Crispr/Covid_Crispr_fromLFR.json,tree,success,,1.119,0.829251,0,,,,,,,,True,,,,/home/student/Desktop/Neptune_2026/Microfluidics-Benchmarks/Results/tree_full_20260916_132005/artifacts/lfr__COVID__Covid_Crispr__Covid_Crispr_fromLFR/result.json,,Microfluidics-Benchmarks/Results/tree_full_20260916_132005/logs/lfr__COVID__Covid_Crispr__Covid_Crispr_fromLFR.log,Microfluidics-Benchmarks/Results/tree_full_20260916_132005/artifacts/lfr__COVID__Covid_Crispr__Covid_Crispr_fromLFR
35,lfr,lfr__COVID__Crispr__Crispr_fromLFR,COVID/Crispr/Crispr_fromLFR.json,/home/student/Desktop/Neptune_2026/Microfluidics-Benchmarks/Results/LFR_TestCases/COVID/Crispr/Crispr_fromLFR.json,tree,success,,1.319,1.02559,0,,,,,,,,True,,,,/home/student/Desktop/Neptune_2026/Microfluidics-Benchmarks/Results/tree_full_20260916_132005/artifacts/lfr__COVID__Crispr__Crispr_fromLFR/result.json,,Microfluidics-Benchmarks/Results/tree_full_20260916_132005/logs/lfr__COVID__Crispr__Crispr_fromLFR.log,Microfluidics-Benchmarks/Results/tree_full_20260916_132005/artifacts/lfr__COVID__Crispr__Crispr_fromLFR
36,lfr,lfr__COVID__Detectr__Detectr_fromLFR,COVID/Detectr/Detectr_fromLFR.json,/home/student/Desktop/Neptune_2026/Microfluidics-Benchmarks/Results/LFR_TestCases/COVID/Detectr/Detectr_fromLFR.json,tree,success,,1.42,1.176948,0,,,,,,,,True,,,,/home/student/Desktop/Neptune_2026/Microfluidics-Benchmarks/Results/tree_full_20260916_132005/artifacts/lfr__COVID__Detectr__Detectr_fromLFR/result.json,,Microfluidics-Benchmarks/Results/tree_full_20260916_132005/logs/lfr__COVID__Detectr__Detectr_fromLFR.log,Microfluidics-Benchmarks/Results/tree_full_20260916_132005/artifacts/lfr__COVID__Detectr__Detectr_fromLFR
37,lfr,lfr__COVID__Elisa__Elisa_fromLFR,COVID/Elisa/Elisa_fromLFR.json,/home/student/Desktop/Neptune_2026/Microfluidics-Benchmarks/Results/LFR_TestCases/COVID/Elisa/Elisa_fromLFR.json,tree,success,,1.119,0.892495,0,,,,,,,,True,,,,/home/student/Desktop/Neptune_2026/Microfluidics-Benchmarks/Results/tree_full_20260916_132005/artifacts/lfr__COVID__Elisa__Elisa_fromLFR/result.json,,Microfluidics-Benchmarks/Results/tree_full_20260916_132005/logs/lfr__COVID__Elisa__Elisa_fromLFR.log,Microfluidics-Benchmarks/Results/tree_full_20260916_132005/artifacts/lfr__COVID__Elisa__Elisa_fromLFR
38,lfr,lfr__COVID__Gel_Electrophoresis__Gel_Electrophoresis_fromLFR,COVID/Gel_Electrophoresis/Gel_Electrophoresis_fromLFR.json,/home/student/Desktop/Neptune_2026/Microfluidics-Benchmarks/Results/LFR_TestCases/COVID/Gel_Electrophoresis/Gel_Electrophoresis_fromLFR.json,tree,success,,1.269,1.028877,0,,,,,,,,True,,,,/home/student/Desktop/Neptune_2026/Microfluidics-Benchmarks/Results/tree_full_20260916_132005/artifacts/lfr__COVID__Gel_Electrophoresis__Gel_Electrophoresis_fromLFR/result.json,,Microfluidics-Benchmarks/Results/tree_full_20260916_132005/logs/lfr__COVID__Gel_Electrophoresis__Gel_Electrophoresis_fromLFR.log,Microfluidics-Benchmarks/Results/tree_full_20260916_132005/artifacts/lfr__COVID__Gel_Electrophoresis__Gel_Electrophoresis_fromLFR
39,lfr,lfr__COVID__Hybri_Detect__Hybri_Detect_fromLFR,COVID/Hybri_Detect/Hybri_Detect_fromLFR.json,/home/student/Desktop/Neptune_2026/Microfluidics-Benchmarks/Results/LFR_TestCases/COVID/Hybri_Detect/Hybri_Detect_fromLFR.json,tree,success,,1.219,0.936896,0,,,,,,,,True,,,,/home/student/Desktop/Neptune_2026/Microfluidics-Benchmarks/Results/tree_full_20260916_132005/artifacts/lfr__COVID__Hybri_Detect__Hybri_Detect_fromLFR/result.json,,Microfluidics-Benchmarks/Results/tree_full_20260916_132005/logs/lfr__COVID__Hybri_Detect__Hybri_Detect_fromLFR.log,Microfluidics-Benchmarks/Results/tree_full_20260916_132005/artifacts/lfr__COVID__Hybri_Detect__Hybri_Detect_fromLFR
40,lfr,lfr__COVID__Part_1_Rna_Prep__Part_1_Rna_Prep_fromLFR,COVID/Part_1_Rna_Prep/Part_1_Rna_Prep_fromLFR.json,/home/student/Desktop/Neptune_2026/Microfluidics-Benchmarks/Results/LFR_TestCases/COVID/Part_1_Rna_Prep/Part_1_Rna_Prep_fromLFR.json,tree,success,,1.217,0.950162,0,,,,,,,,True,,,,/home/student/Desktop/Neptune_2026/Microfluidics-Benchmarks/Results/tree_full_20260916_132005/artifacts/lfr__COVID__Part_1_Rna_Prep__Part_1_Rna_Prep_fromLFR/result.json,,Microfluidics-Benchmarks/Results/tree_full_20260916_132005/logs/lfr__COVID__Part_1_Rna_Prep__Part_1_Rna_Prep_fromLFR.log,Microfluidics-Benchmarks/Results/tree_full_20260916_132005/artifacts/lfr__COVID__Part_1_Rna_Prep__Part_1_Rna_Prep_fromLFR
41,lfr,lfr__COVID__Part_2_Rt_Step__Part_2_Rt_Step_fromLFR,COVID/Part_2_Rt_Step/Part_2_Rt_Step_fromLFR.json,/home/student/Desktop/Neptune_2026/Microfluidics-Benchmarks/Results/LFR_TestCases/COVID/Part_2_Rt_Step/Part_2_Rt_Step_fromLFR.json,tree,success,,1.219,0.916924,0,,,,,,,,True,,,,/home/student/Desktop/Neptune_2026/Microfluidics-Benchmarks/Results/tree_full_20260916_132005/artifacts/lfr__COVID__Part_2_Rt_Step__Part_2_Rt_Step_fromLFR/result.json,,Microfluidics-Benchmarks/Results/tree_full_20260916_132005/logs/lfr__COVID__Part_2_Rt_Step__Part_2_Rt_Step_fromLFR.log,Microfluidics-Benchmarks/Results/tree_full_20260916_132005/artifacts/lfr__COVID__Part_2_Rt_Step__Part_2_Rt_Step_fromLFR
42,lfr,lfr__COVID__Part_3_Gel__Part_3_Gel_fromLFR,COVID/Part_3_Gel/Part_3_Gel_fromLFR.json,/home/student/Desktop/Neptune_2026/Microfluidics-Benchmarks/Results/LFR_TestCases/COVID/Part_3_Gel/Part_3_Gel_fromLFR.json,tree,success,,1.367,1.059362,0,,,,,,,,True,,,,/home/student/Desktop/Neptune_2026/Microfluidics-Benchmarks/Results/tree_full_20260916_132005/artifacts/lfr__COVID__Part_3_Gel__Part_3_Gel_fromLFR/result.json,,Microfluidics-Benchmarks/Results/tree_full_20260916_132005/logs/lfr__COVID__Part_3_Gel__Part_3_Gel_fromLFR.log,Microfluidics-Benchmarks/Results/tree_full_20260916_132005/artifacts/lfr__COVID__Part_3_Gel__Part_3_Gel_fromLFR
43,lfr,lfr__COVID__Rt_Pcr__Rt_Pcr_fromLFR,COVID/Rt_Pcr/Rt_Pcr_fromLFR.json,/home/student/Desktop/Neptune_2026/Microfluidics-Benchmarks/Results/LFR_TestCases/COVID/Rt_Pcr/Rt_Pcr_fromLFR.json,tree,success,,1.119,0.858443,0,,,,,,,,True,,,,/home/student/Desktop/Neptune_2026/Microfluidics-Benchmarks/Results/tree_full_20260916_132005/artifacts/lfr__COVID__Rt_Pcr__Rt_Pcr_fromLFR/result.json,,Microfluidics-Benchmarks/Results/tree_full_20260916_132005/logs/lfr__COVID__Rt_Pcr__Rt_Pcr_fromLFR.log,Microfluidics-Benchmarks/Results/tree_full_20260916_132005/artifacts/lfr__COVID__Rt_Pcr__Rt_Pcr_fromLFR
44,lfr,lfr__Distribute_Expressions__And_Annotation_Test__And_Annotation_Test_fromLFR,Distribute_Expressions/And_Annotation_Test/And_Annotation_Test_fromLFR.json,/home/student/Desktop/Neptune_2026/Microfluidics-Benchmarks/Results/LFR_TestCases/Distribute_Expressions/And_Annotation_Test/And_Annotation_Test_fromLFR.json,tree,success,,3.777,3.498542,0,,,,,,,,True,,,,/home/student/Desktop/Neptune_2026/Microfluidics-Benchmarks/Results/tree_full_20260916_132005/artifacts/lfr__Distribute_Expressions__And_Annotation_Test__And_Annotation_Test_fromLFR/result.json,,Microfluidics-Benchmarks/Results/tree_full_20260916_132005/logs/lfr__Distribute_Expressions__And_Annotation_Test__And_Annotation_Test_fromLFR.log,Microfluidics-Benchmarks/Results/tree_full_20260916_132005/artifacts/lfr__Distribute_Expressions__And_Annotation_Test__And_Annotation_Test_fromLFR
45,lfr,lfr__Distribute_Expressions__Dist_Expression_1__Dist_Expression_1_fromLFR,Distribute_Expressions/Dist_Expression_1/Dist_Expression_1_fromLFR.json,/home/student/Desktop/Neptune_2026/Microfluidics-Benchmarks/Results/LFR_TestCases/Distribute_Expressions/Dist_Expression_1/Dist_Expression_1_fromLFR.json,tree,success,,1.119,0.823079,0,,,,,,,,True,,,,/home/student/Desktop/Neptune_2026/Microfluidics-Benchmarks/Results/tree_full_20260916_132005/artifacts/lfr__Distribute_Expressions__Dist_Expression_1__Dist_Expression_1_fromLFR/result.json,,Microfluidics-Benchmarks/Results/tree_full_20260916_132005/logs/lfr__Distribute_Expressions__Dist_Expression_1__Dist_Expression_1_fromLFR.log,Microfluidics-Benchmarks/Results/tree_full_20260916_132005/artifacts/lfr__Distribute_Expressions__Dist_Expression_1__Dist_Expression_1_fromLFR
46,lfr,lfr__Distribute_Expressions__Dist_Expression_2__Dist_Expression_2_fromLFR,Distribute_Expressions/Dist_Expression_2/Dist_Expression_2_fromLFR.json,/home/student/Desktop/Neptune_2026/Microfluidics-Benchmarks/Results/LFR_TestCases/Distribute_Expressions/Dist_Expression_2/Dist_Expression_2_fromLFR.json,tree,success,,1.067,0.847781,0,,,,,,,,True,,,,/home/student/Desktop/Neptune_2026/Microfluidics-Benchmarks/Results/tree_full_20260916_132005/artifacts/lfr__Distribute_Expressions__Dist_Expression_2__Dist_Expression_2_fromLFR/result.json,,Microfluidics-Benchmarks/Results/tree_full_20260916_132005/logs/lfr__Distribute_Expressions__Dist_Expression_2__Dist_Expression_2_fromLFR.log,Microfluidics-Benchmarks/Results/tree_full_20260916_132005/artifacts/lfr__Distribute_Expressions__Dist_Expression_2__Dist_Expression_2_fromLFR
47,lfr,lfr__Distribute_Expressions__Dist_Expression_3__Dist_Expression_3_fromLFR,Distribute_Expressions/Dist_Expression_3/Dist_Expression_3_fromLFR.json,/home/student/Desktop/Neptune_2026/Microfluidics-Benchmarks/Results/LFR_TestCases/Distribute_Expressions/Dist_Expression_3/Dist_Expression_3_fromLFR.json,tree,success,,1.069,0.821306,0,,,,,,,,True,,,,/home/student/Desktop/Neptune_2026/Microfluidics-Benchmarks/Results/tree_full_20260916_132005/artifacts/lfr__Distribute_Expressions__Dist_Expression_3__Dist_Expression_3_fromLFR/result.json,,Microfluidics-Benchmarks/Results/tree_full_20260916_132005/logs/lfr__Distribute_Expressions__Dist_Expression_3__Dist_Expression_3_fromLFR.log,Microfluidics-Benchmarks/Results/tree_full_20260916_132005/artifacts/lfr__Distribute_Expressions__Dist_Expression_3__Dist_Expression_3_fromLFR
48,lfr,lfr__Distribute_Library__Cell_Traps_4__Cell_Traps_4_fromLFR,Distribute_Library/Cell_Traps_4/Cell_Traps_4_fromLFR.json,/home/student/Desktop/Neptune_2026/Microfluidics-Benchmarks/Results/LFR_TestCases/Distribute_Library/Cell_Traps_4/Cell_Traps_4_fromLFR.json,tree,success,,1.069,0.81351,0,,,,,,,,True,,,,/home/student/Desktop/Neptune_2026/Microfluidics-Benchmarks/Results/tree_full_20260916_132005/artifacts/lfr__Distribute_Library__Cell_Traps_4__Cell_Traps_4_fromLFR/result.json,,Microfluidics-Benchmarks/Results/tree_full_20260916_132005/logs/lfr__Distribute_Library__Cell_Traps_4__Cell_Traps_4_fromLFR.log,Microfluidics-Benchmarks/Results/tree_full_20260916_132005/artifacts/lfr__Distribute_Library__Cell_Traps_4__Cell_Traps_4_fromLFR
49,lfr,lfr__Distribute_Library__Hv_Storage_Grid_04__Hv_Storage_Grid_04_fromLFR,Distribute_Library/Hv_Storage_Grid_04/Hv_Storage_Grid_04_fromLFR.json,/home/student/Desktop/Neptune_2026/Microfluidics-Benchmarks/Results/LFR_TestCases/Distribute_Library/Hv_Storage_Grid_04/Hv_Storage_Grid_04_fromLFR.json,tree,success,,1.069,0.818719,0,,,,,,,,True,,,,/home/student/Desktop/Neptune_2026/Microfluidics-Benchmarks/Results/tree_full_20260916_132005/artifacts/lfr__Distribute_Library__Hv_Storage_Grid_04__Hv_Storage_Grid_04_fromLFR/result.json,,Microfluidics-Benchmarks/Results/tree_full_20260916_132005/logs/lfr__Distribute_Library__Hv_Storage_Grid_04__Hv_Storage_Grid_04_fromLFR.log,Microfluidics-Benchmarks/Results/tree_full_20260916_132005/artifacts/lfr__Distribute_Library__Hv_Storage_Grid_04__Hv_Storage_Grid_04_fromLFR
50,lfr,lfr__Distribute_Library__Hv_Storage_Grid_08__Hv_Storage_Grid_08_fromLFR,Distribute_Library/Hv_Storage_Grid_08/Hv_Storage_Grid_08_fromLFR.json,/home/student/Desktop/Neptune_2026/Microfluidics-Benchmarks/Results/LFR_TestCases/Distribute_Library/Hv_Storage_Grid_08/Hv_Storage_Grid_08_fromLFR.json,tree,success,,1.069,0.790967,0,,,,,,,,True,,,,/home/student/Desktop/Neptune_2026/Microfluidics-Benchmarks/Results/tree_full_20260916_132005/artifacts/lfr__Distribute_Library__Hv_Storage_Grid_08__Hv_Storage_Grid_08_fromLFR/result.json,,Microfluidics-Benchmarks/Results/tree_full_20260916_132005/logs/lfr__Distribute_Library__Hv_Storage_Grid_08__Hv_Storage_Grid_08_fromLFR.log,Microfluidics-Benchmarks/Results/tree_full_20260916_132005/artifacts/lfr__Distribute_Library__Hv_Storage_Grid_08__Hv_Storage_Grid_08_fromLFR
51,lfr,lfr__Distribute_Library__Hv_Storage_Grid_16__Hv_Storage_Grid_16_fromLFR,Distribute_Library/Hv_Storage_Grid_16/Hv_Storage_Grid_16_fromLFR.json,/home/student/Desktop/Neptune_2026/Microfluidics-Benchmarks/Results/LFR_TestCases/Distribute_Library/Hv_Storage_Grid_16/Hv_Storage_Grid_16_fromLFR.json,tree,success,,1.069,0.784237,0,,,,,,,,True,,,,/home/student/Desktop/Neptune_2026/Microfluidics-Benchmarks/Results/tree_full_20260916_132005/artifacts/lfr__Distribute_Library__Hv_Storage_Grid_16__Hv_Storage_Grid_16_fromLFR/result.json,,Microfluidics-Benchmarks/Results/tree_full_20260916_132005/logs/lfr__Distribute_Library__Hv_Storage_Grid_16__Hv_Storage_Grid_16_fromLFR.log,Microfluidics-Benchmarks/Results/tree_full_20260916_132005/artifacts/lfr__Distribute_Library__Hv_Storage_Grid_16__Hv_Storage_Grid_16_fromLFR
52,lfr,lfr__Distribute_Library__Hv_Storage_Grid_32__Hv_Storage_Grid_32_fromLFR,Distribute_Library/Hv_Storage_Grid_32/Hv_Storage_Grid_32_fromLFR.json,/home/student/Desktop/Neptune_2026/Microfluidics-Benchmarks/Results/LFR_TestCases/Distribute_Library/Hv_Storage_Grid_32/Hv_Storage_Grid_32_fromLFR.json,tree,success,,1.019,0.778041,0,,,,,,,,True,,,,/home/student/Desktop/Neptune_2026/Microfluidics-Benchmarks/Results/tree_full_20260916_132005/artifacts/lfr__Distribute_Library__Hv_Storage_Grid_32__Hv_Storage_Grid_32_fromLFR/result.json,,Microfluidics-Benchmarks/Results/tree_full_20260916_132005/logs/lfr__Distribute_Library__Hv_Storage_Grid_32__Hv_Storage_Grid_32_fromLFR.log,Microfluidics-Benchmarks/Results/tree_full_20260916_132005/artifacts/lfr__Distribute_Library__Hv_Storage_Grid_32__Hv_Storage_Grid_32_fromLFR
53,lfr,lfr__Distribute_Library__Hv_Storage_Grid_64__Hv_Storage_Grid_64_fromLFR,Distribute_Library/Hv_Storage_Grid_64/Hv_Storage_Grid_64_fromLFR.json,/home/student/Desktop/Neptune_2026/Microfluidics-Benchmarks/Results/LFR_TestCases/Distribute_Library/Hv_Storage_Grid_64/Hv_Storage_Grid_64_fromLFR.json,tree,success,,1.019,0.764313,0,,,,,,,,True,,,,/home/student/Desktop/Neptune_2026/Microfluidics-Benchmarks/Results/tree_full_20260916_132005/artifacts/lfr__Distribute_Library__Hv_Storage_Grid_64__Hv_Storage_Grid_64_fromLFR/result.json,,Microfluidics-Benchmarks/Results/tree_full_20260916_132005/logs/lfr__Distribute_Library__Hv_Storage_Grid_64__Hv_Storage_Grid_64_fromLFR.log,Microfluidics-Benchmarks/Results/tree_full_20260916_132005/artifacts/lfr__Distribute_Library__Hv_Storage_Grid_64__Hv_Storage_Grid_64_fromLFR
54,lfr,lfr__Distribute_Library__MUX_02_In__MUX_02_In_fromLFR,Distribute_Library/MUX_02_In/MUX_02_In_fromLFR.json,/home/student/Desktop/Neptune_2026/Microfluidics-Benchmarks/Results/LFR_TestCases/Distribute_Library/MUX_02_In/MUX_02_In_fromLFR.json,tree,success,,2.173,1.983843,0,,,,,,,,True,,,,/home/student/Desktop/Neptune_2026/Microfluidics-Benchmarks/Results/tree_full_20260916_132005/artifacts/lfr__Distribute_Library__MUX_02_In__MUX_02_In_fromLFR/result.json,,Microfluidics-Benchmarks/Results/tree_full_20260916_132005/logs/lfr__Distribute_Library__MUX_02_In__MUX_02_In_fromLFR.log,Microfluidics-Benchmarks/Results/tree_full_20260916_132005/artifacts/lfr__Distribute_Library__MUX_02_In__MUX_02_In_fromLFR
55,lfr,lfr__Distribute_Library__MUX_02_Out__MUX_02_Out_fromLFR,Distribute_Library/MUX_02_Out/MUX_02_Out_fromLFR.json,/home/student/Desktop/Neptune_2026/Microfluidics-Benchmarks/Results/LFR_TestCases/Distribute_Library/MUX_02_Out/MUX_02_Out_fromLFR.json,tree,success,,2.171,1.968008,0,,,,,,,,True,,,,/home/student/Desktop/Neptune_2026/Microfluidics-Benchmarks/Results/tree_full_20260916_132005/artifacts/lfr__Distribute_Library__MUX_02_Out__MUX_02_Out_fromLFR/result.json,,Microfluidics-Benchmarks/Results/tree_full_20260916_132005/logs/lfr__Distribute_Library__MUX_02_Out__MUX_02_Out_fromLFR.log,Microfluidics-Benchmarks/Results/tree_full_20260916_132005/artifacts/lfr__Distribute_Library__MUX_02_Out__MUX_02_Out_fromLFR
56,lfr,lfr__Distribute_Library__MUX_04_In__MUX_04_In_fromLFR,Distribute_Library/MUX_04_In/MUX_04_In_fromLFR.json,/home/student/Desktop/Neptune_2026/Microfluidics-Benchmarks/Results/LFR_TestCases/Distribute_Library/MUX_04_In/MUX_04_In_fromLFR.json,tree,success,,5.583,5.324768,0,,,,,,,,True,,,,/home/student/Desktop/Neptune_2026/Microfluidics-Benchmarks/Results/tree_full_20260916_132005/artifacts/lfr__Distribute_Library__MUX_04_In__MUX_04_In_fromLFR/result.json,,Microfluidics-Benchmarks/Results/tree_full_20260916_132005/logs/lfr__Distribute_Library__MUX_04_In__MUX_04_In_fromLFR.log,Microfluidics-Benchmarks/Results/tree_full_20260916_132005/artifacts/lfr__Distribute_Library__MUX_04_In__MUX_04_In_fromLFR
57,lfr,lfr__Distribute_Library__MUX_04_Out__MUX_04_Out_fromLFR,Distribute_Library/MUX_04_Out/MUX_04_Out_fromLFR.json,/home/student/Desktop/Neptune_2026/Microfluidics-Benchmarks/Results/LFR_TestCases/Distribute_Library/MUX_04_Out/MUX_04_Out_fromLFR.json,tree,success,,5.576,5.339049,0,,,,,,,,True,,,,/home/student/Desktop/Neptune_2026/Microfluidics-Benchmarks/Results/tree_full_20260916_132005/artifacts/lfr__Distribute_Library__MUX_04_Out__MUX_04_Out_fromLFR/result.json,,Microfluidics-Benchmarks/Results/tree_full_20260916_132005/logs/lfr__Distribute_Library__MUX_04_Out__MUX_04_Out_fromLFR.log,Microfluidics-Benchmarks/Results/tree_full_20260916_132005/artifacts/lfr__Distribute_Library__MUX_04_Out__MUX_04_Out_fromLFR
58,lfr,lfr__Distribute_Library__MUX_08_In__MUX_08_In_fromLFR,Distribute_Library/MUX_08_In/MUX_08_In_fromLFR.json,/home/student/Desktop/Neptune_2026/Microfluidics-Benchmarks/Results/LFR_TestCases/Distribute_Library/MUX_08_In/MUX_08_In_fromLFR.json,tree,success,,17.864,17.594543,0,,,,,,,,True,,,,/home/student/Desktop/Neptune_2026/Microfluidics-Benchmarks/Results/tree_full_20260916_132005/artifacts/lfr__Distribute_Library__MUX_08_In__MUX_08_In_fromLFR/result.json,,Microfluidics-Benchmarks/Results/tree_full_20260916_132005/logs/lfr__Distribute_Library__MUX_08_In__MUX_08_In_fromLFR.log,Microfluidics-Benchmarks/Results/tree_full_20260916_132005/artifacts/lfr__Distribute_Library__MUX_08_In__MUX_08_In_fromLFR
59,lfr,lfr__Distribute_Library__MUX_08_Out__MUX_08_Out_fromLFR,Distribute_Library/MUX_08_Out/MUX_08_Out_fromLFR.json,/home/student/Desktop/Neptune_2026/Microfluidics-Benchmarks/Results/LFR_TestCases/Distribute_Library/MUX_08_Out/MUX_08_Out_fromLFR.json,tree,success,,16.556,16.312711,0,,,,,,,,True,,,,/home/student/Desktop/Neptune_2026/Microfluidics-Benchmarks/Results/tree_full_20260916_132005/artifacts/lfr__Distribute_Library__MUX_08_Out__MUX_08_Out_fromLFR/result.json,,Microfluidics-Benchmarks/Results/tree_full_20260916_132005/logs/lfr__Distribute_Library__MUX_08_Out__MUX_08_Out_fromLFR.log,Microfluidics-Benchmarks/Results/tree_full_20260916_132005/artifacts/lfr__Distribute_Library__MUX_08_Out__MUX_08_Out_fromLFR
60,lfr,lfr__Distribute_Library__MUX_16_In__MUX_16_In_fromLFR,Distribute_Library/MUX_16_In/MUX_16_In_fromLFR.json,/home/student/Desktop/Neptune_2026/Microfluidics-Benchmarks/Results/LFR_TestCases/Distribute_Library/MUX_16_In/MUX_16_In_fromLFR.json,tree,success,,68.82,68.461502,0,,,,,,,,True,,,,/home/student/Desktop/Neptune_2026/Microfluidics-Benchmarks/Results/tree_full_20260916_132005/artifacts/lfr__Distribute_Library__MUX_16_In__MUX_16_In_fromLFR/result.json,,Microfluidics-Benchmarks/Results/tree_full_20260916_132005/logs/lfr__Distribute_Library__MUX_16_In__MUX_16_In_fromLFR.log,Microfluidics-Benchmarks/Results/tree_full_20260916_132005/artifacts/lfr__Distribute_Library__MUX_16_In__MUX_16_In_fromLFR
61,lfr,lfr__Distribute_Library__MUX_16_Out__MUX_16_Out_fromLFR,Distribute_Library/MUX_16_Out/MUX_16_Out_fromLFR.json,/home/student/Desktop/Neptune_2026/Microfluidics-Benchmarks/Results/LFR_TestCases/Distribute_Library/MUX_16_Out/MUX_16_Out_fromLFR.json,tree,success,,64.611,64.298697,0,,,,,,,,True,,,,/home/student/Desktop/Neptune_2026/Microfluidics-Benchmarks/Results/tree_full_20260916_132005/artifacts/lfr__Distribute_Library__MUX_16_Out__MUX_16_Out_fromLFR/result.json,,Microfluidics-Benchmarks/Results/tree_full_20260916_132005/logs/lfr__Distribute_Library__MUX_16_Out__MUX_16_Out_fromLFR.log,Microfluidics-Benchmarks/Results/tree_full_20260916_132005/artifacts/lfr__Distribute_Library__MUX_16_Out__MUX_16_Out_fromLFR
62,lfr,lfr__Distribute_Library__MUX_32_In__MUX_32_In_fromLFR,Distribute_Library/MUX_32_In/MUX_32_In_fromLFR.json,/home/student/Desktop/Neptune_2026/Microfluidics-Benchmarks/Results/LFR_TestCases/Distribute_Library/MUX_32_In/MUX_32_In_fromLFR.json,tree,success,,308.693,308.461588,0,,,,,,,,True,,,,/home/student/Desktop/Neptune_2026/Microfluidics-Benchmarks/Results/tree_full_20260916_132005/artifacts/lfr__Distribute_Library__MUX_32_In__MUX_32_In_fromLFR/result.json,,Microfluidics-Benchmarks/Results/tree_full_20260916_132005/logs/lfr__Distribute_Library__MUX_32_In__MUX_32_In_fromLFR.log,Microfluidics-Benchmarks/Results/tree_full_20260916_132005/artifacts/lfr__Distribute_Library__MUX_32_In__MUX_32_In_fromLFR
63,lfr,lfr__Distribute_Library__MUX_32_Out__MUX_32_Out_fromLFR,Distribute_Library/MUX_32_Out/MUX_32_Out_fromLFR.json,/home/student/Desktop/Neptune_2026/Microfluidics-Benchmarks/Results/LFR_TestCases/Distribute_Library/MUX_32_Out/MUX_32_Out_fromLFR.json,tree,success,,313.623,313.357568,0,,,,,,,,True,,,,/home/student/Desktop/Neptune_2026/Microfluidics-Benchmarks/Results/tree_full_20260916_132005/artifacts/lfr__Distribute_Library__MUX_32_Out__MUX_32_Out_fromLFR/result.json,,Microfluidics-Benchmarks/Results/tree_full_20260916_132005/logs/lfr__Distribute_Library__MUX_32_Out__MUX_32_Out_fromLFR.log,Microfluidics-Benchmarks/Results/tree_full_20260916_132005/artifacts/lfr__Distribute_Library__MUX_32_Out__MUX_32_Out_fromLFR
66,lfr,lfr__Distribute_Library__Single_Storage_Grid_01__Single_Storage_Grid_01_fromLFR,Distribute_Library/Single_Storage_Grid_01/Single_Storage_Grid_01_fromLFR.json,/home/student/Desktop/Neptune_2026/Microfluidics-Benchmarks/Results/LFR_TestCases/Distribute_Library/Single_Storage_Grid_01/Single_Storage_Grid_01_fromLFR.json,tree,success,,1.022,0.785773,0,,,,,,,,True,,,,/home/student/Desktop/Neptune_2026/Microfluidics-Benchmarks/Results/tree_full_20260916_132005/artifacts/lfr__Distribute_Library__Single_Storage_Grid_01__Single_Storage_Grid_01_fromLFR/result.json,,Microfluidics-Benchmarks/Results/tree_full_20260916_132005/logs/lfr__Distribute_Library__Single_Storage_Grid_01__Single_Storage_Grid_01_fromLFR.log,Microfluidics-Benchmarks/Results/tree_full_20260916_132005/artifacts/lfr__Distribute_Library__Single_Storage_Grid_01__Single_Storage_Grid_01_fromLFR
67,lfr,lfr__Distribute_Library__Single_Storage_Grid_02__Single_Storage_Grid_02_fromLFR,Distribute_Library/Single_Storage_Grid_02/Single_Storage_Grid_02_fromLFR.json,/home/student/Desktop/Neptune_2026/Microfluidics-Benchmarks/Results/LFR_TestCases/Distribute_Library/Single_Storage_Grid_02/Single_Storage_Grid_02_fromLFR.json,tree,success,,0.97,0.752467,0,,,,,,,,True,,,,/home/student/Desktop/Neptune_2026/Microfluidics-Benchmarks/Results/tree_full_20260916_132005/artifacts/lfr__Distribute_Library__Single_Storage_Grid_02__Single_Storage_Grid_02_fromLFR/result.json,,Microfluidics-Benchmarks/Results/tree_full_20260916_132005/logs/lfr__Distribute_Library__Single_Storage_Grid_02__Single_Storage_Grid_02_fromLFR.log,Microfluidics-Benchmarks/Results/tree_full_20260916_132005/artifacts/lfr__Distribute_Library__Single_Storage_Grid_02__Single_Storage_Grid_02_fromLFR
68,lfr,lfr__Distribute_Library__Single_Storage_Grid_04__Single_Storage_Grid_04_fromLFR,Distribute_Library/Single_Storage_Grid_04/Single_Storage_Grid_04_fromLFR.json,/home/student/Desktop/Neptune_2026/Microfluidics-Benchmarks/Results/LFR_TestCases/Distribute_Library/Single_Storage_Grid_04/Single_Storage_Grid_04_fromLFR.json,tree,success,,0.969,0.751709,0,,,,,,,,True,,,,/home/student/Desktop/Neptune_2026/Microfluidics-Benchmarks/Results/tree_full_20260916_132005/artifacts/lfr__Distribute_Library__Single_Storage_Grid_04__Single_Storage_Grid_04_fromLFR/result.json,,Microfluidics-Benchmarks/Results/tree_full_20260916_132005/logs/lfr__Distribute_Library__Single_Storage_Grid_04__Single_Storage_Grid_04_fromLFR.log,Microfluidics-Benchmarks/Results/tree_full_20260916_132005/artifacts/lfr__Distribute_Library__Single_Storage_Grid_04__Single_Storage_Grid_04_fromLFR
69,lfr,lfr__Distribute_Library__Single_Storage_Grid_08__Single_Storage_Grid_08_fromLFR,Distribute_Library/Single_Storage_Grid_08/Single_Storage_Grid_08_fromLFR.json,/home/student/Desktop/Neptune_2026/Microfluidics-Benchmarks/Results/LFR_TestCases/Distribute_Library/Single_Storage_Grid_08/Single_Storage_Grid_08_fromLFR.json,tree,success,,0.969,0.746509,0,,,,,,,,True,,,,/home/student/Desktop/Neptune_2026/Microfluidics-Benchmarks/Results/tree_full_20260916_132005/artifacts/lfr__Distribute_Library__Single_Storage_Grid_08__Single_Storage_Grid_08_fromLFR/result.json,,Microfluidics-Benchmarks/Results/tree_full_20260916_132005/logs/lfr__Distribute_Library__Single_Storage_Grid_08__Single_Storage_Grid_08_fromLFR.log,Microfluidics-Benchmarks/Results/tree_full_20260916_132005/artifacts/lfr__Distribute_Library__Single_Storage_Grid_08__Single_Storage_Grid_08_fromLFR
70,lfr,lfr__Distribute_Library__Single_Storage_Grid_16__Single_Storage_Grid_16_fromLFR,Distribute_Library/Single_Storage_Grid_16/Single_Storage_Grid_16_fromLFR.json,/home/student/Desktop/Neptune_2026/Microfluidics-Benchmarks/Results/LFR_TestCases/Distribute_Library/Single_Storage_Grid_16/Single_Storage_Grid_16_fromLFR.json,tree,success,,1.069,0.787113,0,,,,,,,,True,,,,/home/student/Desktop/Neptune_2026/Microfluidics-Benchmarks/Results/tree_full_20260916_132005/artifacts/lfr__Distribute_Library__Single_Storage_Grid_16__Single_Storage_Grid_16_fromLFR/result.json,,Microfluidics-Benchmarks/Results/tree_full_20260916_132005/logs/lfr__Distribute_Library__Single_Storage_Grid_16__Single_Storage_Grid_16_fromLFR.log,Microfluidics-Benchmarks/Results/tree_full_20260916_132005/artifacts/lfr__Distribute_Library__Single_Storage_Grid_16__Single_Storage_Grid_16_fromLFR
71,lfr,lfr__Distribute_Library__Single_Storage_Grid_32__Single_Storage_Grid_32_fromLFR,Distribute_Library/Single_Storage_Grid_32/Single_Storage_Grid_32_fromLFR.json,/home/student/Desktop/Neptune_2026/Microfluidics-Benchmarks/Results/LFR_TestCases/Distribute_Library/Single_Storage_Grid_32/Single_Storage_Grid_32_fromLFR.json,tree,success,,1.07,0.784575,0,,,,,,,,True,,,,/home/student/Desktop/Neptune_2026/Microfluidics-Benchmarks/Results/tree_full_20260916_132005/artifacts/lfr__Distribute_Library__Single_Storage_Grid_32__Single_Storage_Grid_32_fromLFR/result.json,,Microfluidics-Benchmarks/Results/tree_full_20260916_132005/logs/lfr__Distribute_Library__Single_Storage_Grid_32__Single_Storage_Grid_32_fromLFR.log,Microfluidics-Benchmarks/Results/tree_full_20260916_132005/artifacts/lfr__Distribute_Library__Single_Storage_Grid_32__Single_Storage_Grid_32_fromLFR
72,lfr,lfr__Distribute_Library__Single_Storage_Grid_64__Single_Storage_Grid_64_fromLFR,Distribute_Library/Single_Storage_Grid_64/Single_Storage_Grid_64_fromLFR.json,/home/student/Desktop/Neptune_2026/Microfluidics-Benchmarks/Results/LFR_TestCases/Distribute_Library/Single_Storage_Grid_64/Single_Storage_Grid_64_fromLFR.json,tree,success,,1.07,0.797835,0,,,,,,,,True,,,,/home/student/Desktop/Neptune_2026/Microfluidics-Benchmarks/Results/tree_full_20260916_132005/artifacts/lfr__Distribute_Library__Single_Storage_Grid_64__Single_Storage_Grid_64_fromLFR/result.json,,Microfluidics-Benchmarks/Results/tree_full_20260916_132005/logs/lfr__Distribute_Library__Single_Storage_Grid_64__Single_Storage_Grid_64_fromLFR.log,Microfluidics-Benchmarks/Results/tree_full_20260916_132005/artifacts/lfr__Distribute_Library__Single_Storage_Grid_64__Single_Storage_Grid_64_fromLFR
73,lfr,lfr__Distribute_Library__Transposer_02__Transposer_02_fromLFR,Distribute_Library/Transposer_02/Transposer_02_fromLFR.json,/home/student/Desktop/Neptune_2026/Microfluidics-Benchmarks/Results/LFR_TestCases/Distribute_Library/Transposer_02/Transposer_02_fromLFR.json,tree,success,,6.036,5.751413,0,,,,,,,,True,,,,/home/student/Desktop/Neptune_2026/Microfluidics-Benchmarks/Results/tree_full_20260916_132005/artifacts/lfr__Distribute_Library__Transposer_02__Transposer_02_fromLFR/result.json,,Microfluidics-Benchmarks/Results/tree_full_20260916_132005/logs/lfr__Distribute_Library__Transposer_02__Transposer_02_fromLFR.log,Microfluidics-Benchmarks/Results/tree_full_20260916_132005/artifacts/lfr__Distribute_Library__Transposer_02__Transposer_02_fromLFR
74,lfr,lfr__Distribute_Library__Transposer_03__Transposer_03_fromLFR,Distribute_Library/Transposer_03/Transposer_03_fromLFR.json,/home/student/Desktop/Neptune_2026/Microfluidics-Benchmarks/Results/LFR_TestCases/Distribute_Library/Transposer_03/Transposer_03_fromLFR.json,tree,success,,12.961,12.719034,0,,,,,,,,True,,,,/home/student/Desktop/Neptune_2026/Microfluidics-Benchmarks/Results/tree_full_20260916_132005/artifacts/lfr__Distribute_Library__Transposer_03__Transposer_03_fromLFR/result.json,,Microfluidics-Benchmarks/Results/tree_full_20260916_132005/logs/lfr__Distribute_Library__Transposer_03__Transposer_03_fromLFR.log,Microfluidics-Benchmarks/Results/tree_full_20260916_132005/artifacts/lfr__Distribute_Library__Transposer_03__Transposer_03_fromLFR
76,lfr,lfr__Distribute_Library__Transposer_08__Transposer_08_fromLFR,Distribute_Library/Transposer_08/Transposer_08_fromLFR.json,/home/student/Desktop/Neptune_2026/Microfluidics-Benchmarks/Results/LFR_TestCases/Distribute_Library/Transposer_08/Transposer_08_fromLFR.json,tree,success,,1.071,0.803466,0,,,,,,,,True,,,,/home/student/Desktop/Neptune_2026/Microfluidics-Benchmarks/Results/tree_full_20260916_132005/artifacts/lfr__Distribute_Library__Transposer_08__Transposer_08_fromLFR/result.json,,Microfluidics-Benchmarks/Results/tree_full_20260916_132005/logs/lfr__Distribute_Library__Transposer_08__Transposer_08_fromLFR.log,Microfluidics-Benchmarks/Results/tree_full_20260916_132005/artifacts/lfr__Distribute_Library__Transposer_08__Transposer_08_fromLFR
77,lfr,lfr__Distribute_Library__Transposer_16__Transposer_16_fromLFR,Distribute_Library/Transposer_16/Transposer_16_fromLFR.json,/home/student/Desktop/Neptune_2026/Microfluidics-Benchmarks/Results/LFR_TestCases/Distribute_Library/Transposer_16/Transposer_16_fromLFR.json,tree,success,,1.069,0.818148,0,,,,,,,,True,,,,/home/student/Desktop/Neptune_2026/Microfluidics-Benchmarks/Results/tree_full_20260916_132005/artifacts/lfr__Distribute_Library__Transposer_16__Transposer_16_fromLFR/result.json,,Microfluidics-Benchmarks/Results/tree_full_20260916_132005/logs/lfr__Distribute_Library__Transposer_16__Transposer_16_fromLFR.log,Microfluidics-Benchmarks/Results/tree_full_20260916_132005/artifacts/lfr__Distribute_Library__Transposer_16__Transposer_16_fromLFR
78,lfr,lfr__Distribute_Library__Transposer_32__Transposer_32_fromLFR,Distribute_Library/Transposer_32/Transposer_32_fromLFR.json,/home/student/Desktop/Neptune_2026/Microfluidics-Benchmarks/Results/LFR_TestCases/Distribute_Library/Transposer_32/Transposer_32_fromLFR.json,tree,success,,1.072,0.784592,0,,,,,,,,True,,,,/home/student/Desktop/Neptune_2026/Microfluidics-Benchmarks/Results/tree_full_20260916_132005/artifacts/lfr__Distribute_Library__Transposer_32__Transposer_32_fromLFR/result.json,,Microfluidics-Benchmarks/Results/tree_full_20260916_132005/logs/lfr__Distribute_Library__Transposer_32__Transposer_32_fromLFR.log,Microfluidics-Benchmarks/Results/tree_full_20260916_132005/artifacts/lfr__Distribute_Library__Transposer_32__Transposer_32_fromLFR
79,lfr,lfr__Distribute_Library__Transposer_64__Transposer_64_fromLFR,Distribute_Library/Transposer_64/Transposer_64_fromLFR.json,/home/student/Desktop/Neptune_2026/Microfluidics-Benchmarks/Results/LFR_TestCases/Distribute_Library/Transposer_64/Transposer_64_fromLFR.json,tree,success,,1.07,0.788248,0,,,,,,,,True,,,,/home/student/Desktop/Neptune_2026/Microfluidics-Benchmarks/Results/tree_full_20260916_132005/artifacts/lfr__Distribute_Library__Transposer_64__Transposer_64_fromLFR/result.json,,Microfluidics-Benchmarks/Results/tree_full_20260916_132005/logs/lfr__Distribute_Library__Transposer_64__Transposer_64_fromLFR.log,Microfluidics-Benchmarks/Results/tree_full_20260916_132005/artifacts/lfr__Distribute_Library__Transposer_64__Transposer_64_fromLFR
80,lfr,lfr__Drop_Ref__Droplet_Generator_1__Droplet_Generator_1_fromLFR,Drop_Ref/Droplet_Generator_1/Droplet_Generator_1_fromLFR.json,/home/student/Desktop/Neptune_2026/Microfluidics-Benchmarks/Results/LFR_TestCases/Drop_Ref/Droplet_Generator_1/Droplet_Generator_1_fromLFR.json,tree,success,,1.119,0.848841,0,,,,,,,,True,,,,/home/student/Desktop/Neptune_2026/Microfluidics-Benchmarks/Results/tree_full_20260916_132005/artifacts/lfr__Drop_Ref__Droplet_Generator_1__Droplet_Generator_1_fromLFR/result.json,,Microfluidics-Benchmarks/Results/tree_full_20260916_132005/logs/lfr__Drop_Ref__Droplet_Generator_1__Droplet_Generator_1_fromLFR.log,Microfluidics-Benchmarks/Results/tree_full_20260916_132005/artifacts/lfr__Drop_Ref__Droplet_Generator_1__Droplet_Generator_1_fromLFR
81,lfr,lfr__Drop_Ref__Droplet_Generator_2__Droplet_Generator_2_fromLFR,Drop_Ref/Droplet_Generator_2/Droplet_Generator_2_fromLFR.json,/home/student/Desktop/Neptune_2026/Microfluidics-Benchmarks/Results/LFR_TestCases/Drop_Ref/Droplet_Generator_2/Droplet_Generator_2_fromLFR.json,tree,success,,1.373,1.100242,0,,,,,,,,True,,,,/home/student/Desktop/Neptune_2026/Microfluidics-Benchmarks/Results/tree_full_20260916_132005/artifacts/lfr__Drop_Ref__Droplet_Generator_2__Droplet_Generator_2_fromLFR/result.json,,Microfluidics-Benchmarks/Results/tree_full_20260916_132005/logs/lfr__Drop_Ref__Droplet_Generator_2__Droplet_Generator_2_fromLFR.log,Microfluidics-Benchmarks/Results/tree_full_20260916_132005/artifacts/lfr__Drop_Ref__Droplet_Generator_2__Droplet_Generator_2_fromLFR
82,lfr,lfr__Drop_Ref__Droplet_Generator_3__Droplet_Generator_3_fromLFR,Drop_Ref/Droplet_Generator_3/Droplet_Generator_3_fromLFR.json,/home/student/Desktop/Neptune_2026/Microfluidics-Benchmarks/Results/LFR_TestCases/Drop_Ref/Droplet_Generator_3/Droplet_Generator_3_fromLFR.json,tree,success,,1.471,1.176281,0,,,,,,,,True,,,,/home/student/Desktop/Neptune_2026/Microfluidics-Benchmarks/Results/tree_full_20260916_132005/artifacts/lfr__Drop_Ref__Droplet_Generator_3__Droplet_Generator_3_fromLFR/result.json,,Microfluidics-Benchmarks/Results/tree_full_20260916_132005/logs/lfr__Drop_Ref__Droplet_Generator_3__Droplet_Generator_3_fromLFR.log,Microfluidics-Benchmarks/Results/tree_full_20260916_132005/artifacts/lfr__Drop_Ref__Droplet_Generator_3__Droplet_Generator_3_fromLFR
83,lfr,lfr__Drop_Ref__Droplet_Generator_4__Droplet_Generator_4_fromLFR,Drop_Ref/Droplet_Generator_4/Droplet_Generator_4_fromLFR.json,/home/student/Desktop/Neptune_2026/Microfluidics-Benchmarks/Results/LFR_TestCases/Drop_Ref/Droplet_Generator_4/Droplet_Generator_4_fromLFR.json,tree,success,,1.423,1.147989,0,,,,,,,,True,,,,/home/student/Desktop/Neptune_2026/Microfluidics-Benchmarks/Results/tree_full_20260916_132005/artifacts/lfr__Drop_Ref__Droplet_Generator_4__Droplet_Generator_4_fromLFR/result.json,,Microfluidics-Benchmarks/Results/tree_full_20260916_132005/logs/lfr__Drop_Ref__Droplet_Generator_4__Droplet_Generator_4_fromLFR.log,Microfluidics-Benchmarks/Results/tree_full_20260916_132005/artifacts/lfr__Drop_Ref__Droplet_Generator_4__Droplet_Generator_4_fromLFR
84,lfr,lfr__Drop_Ref__Dropx_Test_1__Dropx_Test_1_fromLFR,Drop_Ref/Dropx_Test_1/Dropx_Test_1_fromLFR.json,/home/student/Desktop/Neptune_2026/Microfluidics-Benchmarks/Results/LFR_TestCases/Drop_Ref/Dropx_Test_1/Dropx_Test_1_fromLFR.json,tree,success,,1.123,0.852348,0,,,,,,,,True,,,,/home/student/Desktop/Neptune_2026/Microfluidics-Benchmarks/Results/tree_full_20260916_132005/artifacts/lfr__Drop_Ref__Dropx_Test_1__Dropx_Test_1_fromLFR/result.json,,Microfluidics-Benchmarks/Results/tree_full_20260916_132005/logs/lfr__Drop_Ref__Dropx_Test_1__Dropx_Test_1_fromLFR.log,Microfluidics-Benchmarks/Results/tree_full_20260916_132005/artifacts/lfr__Drop_Ref__Dropx_Test_1__Dropx_Test_1_fromLFR
85,lfr,lfr__Drop_Ref__Dropx_Test_2__Dropx_Test_2_fromLFR,Drop_Ref/Dropx_Test_2/Dropx_Test_2_fromLFR.json,/home/student/Desktop/Neptune_2026/Microfluidics-Benchmarks/Results/LFR_TestCases/Drop_Ref/Dropx_Test_2/Dropx_Test_2_fromLFR.json,tree,success,,1.22,0.966793,0,,,,,,,,True,,,,/home/student/Desktop/Neptune_2026/Microfluidics-Benchmarks/Results/tree_full_20260916_132005/artifacts/lfr__Drop_Ref__Dropx_Test_2__Dropx_Test_2_fromLFR/result.json,,Microfluidics-Benchmarks/Results/tree_full_20260916_132005/logs/lfr__Drop_Ref__Dropx_Test_2__Dropx_Test_2_fromLFR.log,Microfluidics-Benchmarks/Results/tree_full_20260916_132005/artifacts/lfr__Drop_Ref__Dropx_Test_2__Dropx_Test_2_fromLFR
86,lfr,lfr__Drop_Ref__Dropx_Test_3__Dropx_Test_3_fromLFR,Drop_Ref/Dropx_Test_3/Dropx_Test_3_fromLFR.json,/home/student/Desktop/Neptune_2026/Microfluidics-Benchmarks/Results/LFR_TestCases/Drop_Ref/Dropx_Test_3/Dropx_Test_3_fromLFR.json,tree,success,,1.319,1.04874,0,,,,,,,,True,,,,/home/student/Desktop/Neptune_2026/Microfluidics-Benchmarks/Results/tree_full_20260916_132005/artifacts/lfr__Drop_Ref__Dropx_Test_3__Dropx_Test_3_fromLFR/result.json,,Microfluidics-Benchmarks/Results/tree_full_20260916_132005/logs/lfr__Drop_Ref__Dropx_Test_3__Dropx_Test_3_fromLFR.log,Microfluidics-Benchmarks/Results/tree_full_20260916_132005/artifacts/lfr__Drop_Ref__Dropx_Test_3__Dropx_Test_3_fromLFR
87,lfr,lfr__Drop_Ref__Dropx_Test_4__Dropx_Test_4_fromLFR,Drop_Ref/Dropx_Test_4/Dropx_Test_4_fromLFR.json,/home/student/Desktop/Neptune_2026/Microfluidics-Benchmarks/Results/LFR_TestCases/Drop_Ref/Dropx_Test_4/Dropx_Test_4_fromLFR.json,tree,success,,1.173,0.924249,0,,,,,,,,True,,,,/home/student/Desktop/Neptune_2026/Microfluidics-Benchmarks/Results/tree_full_20260916_132005/artifacts/lfr__Drop_Ref__Dropx_Test_4__Dropx_Test_4_fromLFR/result.json,,Microfluidics-Benchmarks/Results/tree_full_20260916_132005/logs/lfr__Drop_Ref__Dropx_Test_4__Dropx_Test_4_fromLFR.log,Microfluidics-Benchmarks/Results/tree_full_20260916_132005/artifacts/lfr__Drop_Ref__Dropx_Test_4__Dropx_Test_4_fromLFR
88,lfr,lfr__Drop_Ref__Dx_1__Dx_1_fromLFR,Drop_Ref/Dx_1/Dx_1_fromLFR.json,/home/student/Desktop/Neptune_2026/Microfluidics-Benchmarks/Results/LFR_TestCases/Drop_Ref/Dx_1/Dx_1_fromLFR.json,tree,success,,1.169,0.958823,0,,,,,,,,True,,,,/home/student/Desktop/Neptune_2026/Microfluidics-Benchmarks/Results/tree_full_20260916_132005/artifacts/lfr__Drop_Ref__Dx_1__Dx_1_fromLFR/result.json,,Microfluidics-Benchmarks/Results/tree_full_20260916_132005/logs/lfr__Drop_Ref__Dx_1__Dx_1_fromLFR.log,Microfluidics-Benchmarks/Results/tree_full_20260916_132005/artifacts/lfr__Drop_Ref__Dx_1__Dx_1_fromLFR
89,lfr,lfr__Drop_Ref__Dx_10__Dx_10_fromLFR,Drop_Ref/Dx_10/Dx_10_fromLFR.json,/home/student/Desktop/Neptune_2026/Microfluidics-Benchmarks/Results/LFR_TestCases/Drop_Ref/Dx_10/Dx_10_fromLFR.json,tree,success,,1.07,0.874879,0,,,,,,,,True,,,,/home/student/Desktop/Neptune_2026/Microfluidics-Benchmarks/Results/tree_full_20260916_132005/artifacts/lfr__Drop_Ref__Dx_10__Dx_10_fromLFR/result.json,,Microfluidics-Benchmarks/Results/tree_full_20260916_132005/logs/lfr__Drop_Ref__Dx_10__Dx_10_fromLFR.log,Microfluidics-Benchmarks/Results/tree_full_20260916_132005/artifacts/lfr__Drop_Ref__Dx_10__Dx_10_fromLFR
90,lfr,lfr__Drop_Ref__Dx_11__Dx_11_fromLFR,Drop_Ref/Dx_11/Dx_11_fromLFR.json,/home/student/Desktop/Neptune_2026/Microfluidics-Benchmarks/Results/LFR_TestCases/Drop_Ref/Dx_11/Dx_11_fromLFR.json,tree,success,,1.321,1.049406,0,,,,,,,,True,,,,/home/student/Desktop/Neptune_2026/Microfluidics-Benchmarks/Results/tree_full_20260916_132005/artifacts/lfr__Drop_Ref__Dx_11__Dx_11_fromLFR/result.json,,Microfluidics-Benchmarks/Results/tree_full_20260916_132005/logs/lfr__Drop_Ref__Dx_11__Dx_11_fromLFR.log,Microfluidics-Benchmarks/Results/tree_full_20260916_132005/artifacts/lfr__Drop_Ref__Dx_11__Dx_11_fromLFR
91,lfr,lfr__Drop_Ref__Dx_12__Dx_12_fromLFR,Drop_Ref/Dx_12/Dx_12_fromLFR.json,/home/student/Desktop/Neptune_2026/Microfluidics-Benchmarks/Results/LFR_TestCases/Drop_Ref/Dx_12/Dx_12_fromLFR.json,tree,success,,1.219,0.989306,0,,,,,,,,True,,,,/home/student/Desktop/Neptune_2026/Microfluidics-Benchmarks/Results/tree_full_20260916_132005/artifacts/lfr__Drop_Ref__Dx_12__Dx_12_fromLFR/result.json,,Microfluidics-Benchmarks/Results/tree_full_20260916_132005/logs/lfr__Drop_Ref__Dx_12__Dx_12_fromLFR.log,Microfluidics-Benchmarks/Results/tree_full_20260916_132005/artifacts/lfr__Drop_Ref__Dx_12__Dx_12_fromLFR
92,lfr,lfr__Drop_Ref__Dx_13__Dx_13_fromLFR,Drop_Ref/Dx_13/Dx_13_fromLFR.json,/home/student/Desktop/Neptune_2026/Microfluidics-Benchmarks/Results/LFR_TestCases/Drop_Ref/Dx_13/Dx_13_fromLFR.json,tree,success,,1.32,1.110364,0,,,,,,,,True,,,,/home/student/Desktop/Neptune_2026/Microfluidics-Benchmarks/Results/tree_full_20260916_132005/artifacts/lfr__Drop_Ref__Dx_13__Dx_13_fromLFR/result.json,,Microfluidics-Benchmarks/Results/tree_full_20260916_132005/logs/lfr__Drop_Ref__Dx_13__Dx_13_fromLFR.log,Microfluidics-Benchmarks/Results/tree_full_20260916_132005/artifacts/lfr__Drop_Ref__Dx_13__Dx_13_fromLFR
93,lfr,lfr__Drop_Ref__Dx_14__Dx_14_fromLFR,Drop_Ref/Dx_14/Dx_14_fromLFR.json,/home/student/Desktop/Neptune_2026/Microfluidics-Benchmarks/Results/LFR_TestCases/Drop_Ref/Dx_14/Dx_14_fromLFR.json,tree,success,,1.171,0.906006,0,,,,,,,,True,,,,/home/student/Desktop/Neptune_2026/Microfluidics-Benchmarks/Results/tree_full_20260916_132005/artifacts/lfr__Drop_Ref__Dx_14__Dx_14_fromLFR/result.json,,Microfluidics-Benchmarks/Results/tree_full_20260916_132005/logs/lfr__Drop_Ref__Dx_14__Dx_14_fromLFR.log,Microfluidics-Benchmarks/Results/tree_full_20260916_132005/artifacts/lfr__Drop_Ref__Dx_14__Dx_14_fromLFR
94,lfr,lfr__Drop_Ref__Dx_15__Dx_15_fromLFR,Drop_Ref/Dx_15/Dx_15_fromLFR.json,/home/student/Desktop/Neptune_2026/Microfluidics-Benchmarks/Results/LFR_TestCases/Drop_Ref/Dx_15/Dx_15_fromLFR.json,tree,success,,1.171,0.913057,0,,,,,,,,True,,,,/home/student/Desktop/Neptune_2026/Microfluidics-Benchmarks/Results/tree_full_20260916_132005/artifacts/lfr__Drop_Ref__Dx_15__Dx_15_fromLFR/result.json,,Microfluidics-Benchmarks/Results/tree_full_20260916_132005/logs/lfr__Drop_Ref__Dx_15__Dx_15_fromLFR.log,Microfluidics-Benchmarks/Results/tree_full_20260916_132005/artifacts/lfr__Drop_Ref__Dx_15__Dx_15_fromLFR
95,lfr,lfr__Drop_Ref__Dx_2__Dx_2_fromLFR,Drop_Ref/Dx_2/Dx_2_fromLFR.json,/home/student/Desktop/Neptune_2026/Microfluidics-Benchmarks/Results/LFR_TestCases/Drop_Ref/Dx_2/Dx_2_fromLFR.json,tree,success,,1.321,1.061984,0,,,,,,,,True,,,,/home/student/Desktop/Neptune_2026/Microfluidics-Benchmarks/Results/tree_full_20260916_132005/artifacts/lfr__Drop_Ref__Dx_2__Dx_2_fromLFR/result.json,,Microfluidics-Benchmarks/Results/tree_full_20260916_132005/logs/lfr__Drop_Ref__Dx_2__Dx_2_fromLFR.log,Microfluidics-Benchmarks/Results/tree_full_20260916_132005/artifacts/lfr__Drop_Ref__Dx_2__Dx_2_fromLFR
96,lfr,lfr__Drop_Ref__Dx_3__Dx_3_fromLFR,Drop_Ref/Dx_3/Dx_3_fromLFR.json,/home/student/Desktop/Neptune_2026/Microfluidics-Benchmarks/Results/LFR_TestCases/Drop_Ref/Dx_3/Dx_3_fromLFR.json,tree,success,,1.321,1.041605,0,,,,,,,,True,,,,/home/student/Desktop/Neptune_2026/Microfluidics-Benchmarks/Results/tree_full_20260916_132005/artifacts/lfr__Drop_Ref__Dx_3__Dx_3_fromLFR/result.json,,Microfluidics-Benchmarks/Results/tree_full_20260916_132005/logs/lfr__Drop_Ref__Dx_3__Dx_3_fromLFR.log,Microfluidics-Benchmarks/Results/tree_full_20260916_132005/artifacts/lfr__Drop_Ref__Dx_3__Dx_3_fromLFR
97,lfr,lfr__Drop_Ref__Dx_4__Dx_4_fromLFR,Drop_Ref/Dx_4/Dx_4_fromLFR.json,/home/student/Desktop/Neptune_2026/Microfluidics-Benchmarks/Results/LFR_TestCases/Drop_Ref/Dx_4/Dx_4_fromLFR.json,tree,success,,1.47,1.221343,0,,,,,,,,True,,,,/home/student/Desktop/Neptune_2026/Microfluidics-Benchmarks/Results/tree_full_20260916_132005/artifacts/lfr__Drop_Ref__Dx_4__Dx_4_fromLFR/result.json,,Microfluidics-Benchmarks/Results/tree_full_20260916_132005/logs/lfr__Drop_Ref__Dx_4__Dx_4_fromLFR.log,Microfluidics-Benchmarks/Results/tree_full_20260916_132005/artifacts/lfr__Drop_Ref__Dx_4__Dx_4_fromLFR
98,lfr,lfr__Drop_Ref__Dx_5__Dx_5_fromLFR,Drop_Ref/Dx_5/Dx_5_fromLFR.json,/home/student/Desktop/Neptune_2026/Microfluidics-Benchmarks/Results/LFR_TestCases/Drop_Ref/Dx_5/Dx_5_fromLFR.json,tree,success,,1.424,1.122121,0,,,,,,,,True,,,,/home/student/Desktop/Neptune_2026/Microfluidics-Benchmarks/Results/tree_full_20260916_132005/artifacts/lfr__Drop_Ref__Dx_5__Dx_5_fromLFR/result.json,,Microfluidics-Benchmarks/Results/tree_full_20260916_132005/logs/lfr__Drop_Ref__Dx_5__Dx_5_fromLFR.log,Microfluidics-Benchmarks/Results/tree_full_20260916_132005/artifacts/lfr__Drop_Ref__Dx_5__Dx_5_fromLFR
99,lfr,lfr__Drop_Ref__Dx_6__Dx_6_fromLFR,Drop_Ref/Dx_6/Dx_6_fromLFR.json,/home/student/Desktop/Neptune_2026/Microfluidics-Benchmarks/Results/LFR_TestCases/Drop_Ref/Dx_6/Dx_6_fromLFR.json,tree,success,,1.22,0.951483,0,,,,,,,,True,,,,/home/student/Desktop/Neptune_2026/Microfluidics-Benchmarks/Results/tree_full_20260916_132005/artifacts/lfr__Drop_Ref__Dx_6__Dx_6_fromLFR/result.json,,Microfluidics-Benchmarks/Results/tree_full_20260916_132005/logs/lfr__Drop_Ref__Dx_6__Dx_6_fromLFR.log,Microfluidics-Benchmarks/Results/tree_full_20260916_132005/artifacts/lfr__Drop_Ref__Dx_6__Dx_6_fromLFR
100,lfr,lfr__Drop_Ref__Dx_7__Dx_7_fromLFR,Drop_Ref/Dx_7/Dx_7_fromLFR.json,/home/student/Desktop/Neptune_2026/Microfluidics-Benchmarks/Results/LFR_TestCases/Drop_Ref/Dx_7/Dx_7_fromLFR.json,tree,success,,1.373,1.106172,0,,,,,,,,True,,,,/home/student/Desktop/Neptune_2026/Microfluidics-Benchmarks/Results/tree_full_20260916_132005/artifacts/lfr__Drop_Ref__Dx_7__Dx_7_fromLFR/result.json,,Microfluidics-Benchmarks/Results/tree_full_20260916_132005/logs/lfr__Drop_Ref__Dx_7__Dx_7_fromLFR.log,Microfluidics-Benchmarks/Results/tree_full_20260916_132005/artifacts/lfr__Drop_Ref__Dx_7__Dx_7_fromLFR
101,lfr,lfr__Drop_Ref__Dx_8__Dx_8_fromLFR,Drop_Ref/Dx_8/Dx_8_fromLFR.json,/home/student/Desktop/Neptune_2026/Microfluidics-Benchmarks/Results/LFR_TestCases/Drop_Ref/Dx_8/Dx_8_fromLFR.json,tree,success,,1.419,1.169875,0,,,,,,,,True,,,,/home/student/Desktop/Neptune_2026/Microfluidics-Benchmarks/Results/tree_full_20260916_132005/artifacts/lfr__Drop_Ref__Dx_8__Dx_8_fromLFR/result.json,,Microfluidics-Benchmarks/Results/tree_full_20260916_132005/logs/lfr__Drop_Ref__Dx_8__Dx_8_fromLFR.log,Microfluidics-Benchmarks/Results/tree_full_20260916_132005/artifacts/lfr__Drop_Ref__Dx_8__Dx_8_fromLFR
102,lfr,lfr__Drop_Ref__Dx_9__Dx_9_fromLFR,Drop_Ref/Dx_9/Dx_9_fromLFR.json,/home/student/Desktop/Neptune_2026/Microfluidics-Benchmarks/Results/LFR_TestCases/Drop_Ref/Dx_9/Dx_9_fromLFR.json,tree,success,,1.271,1.051796,0,,,,,,,,True,,,,/home/student/Desktop/Neptune_2026/Microfluidics-Benchmarks/Results/tree_full_20260916_132005/artifacts/lfr__Drop_Ref__Dx_9__Dx_9_fromLFR/result.json,,Microfluidics-Benchmarks/Results/tree_full_20260916_132005/logs/lfr__Drop_Ref__Dx_9__Dx_9_fromLFR.log,Microfluidics-Benchmarks/Results/tree_full_20260916_132005/artifacts/lfr__Drop_Ref__Dx_9__Dx_9_fromLFR
103,lfr,lfr__Expressions__Expression_1__Expression_1_fromLFR,Expressions/Expression_1/Expression_1_fromLFR.json,/home/student/Desktop/Neptune_2026/Microfluidics-Benchmarks/Results/LFR_TestCases/Expressions/Expression_1/Expression_1_fromLFR.json,tree,success,,1.172,0.932323,0,,,,,,,,True,,,,/home/student/Desktop/Neptune_2026/Microfluidics-Benchmarks/Results/tree_full_20260916_132005/artifacts/lfr__Expressions__Expression_1__Expression_1_fromLFR/result.json,,Microfluidics-Benchmarks/Results/tree_full_20260916_132005/logs/lfr__Expressions__Expression_1__Expression_1_fromLFR.log,Microfluidics-Benchmarks/Results/tree_full_20260916_132005/artifacts/lfr__Expressions__Expression_1__Expression_1_fromLFR
104,lfr,lfr__Expressions__Expression_10__Expression_10_fromLFR,Expressions/Expression_10/Expression_10_fromLFR.json,/home/student/Desktop/Neptune_2026/Microfluidics-Benchmarks/Results/LFR_TestCases/Expressions/Expression_10/Expression_10_fromLFR.json,tree,success,,1.12,0.895942,0,,,,,,,,True,,,,/home/student/Desktop/Neptune_2026/Microfluidics-Benchmarks/Results/tree_full_20260916_132005/artifacts/lfr__Expressions__Expression_10__Expression_10_fromLFR/result.json,,Microfluidics-Benchmarks/Results/tree_full_20260916_132005/logs/lfr__Expressions__Expression_10__Expression_10_fromLFR.log,Microfluidics-Benchmarks/Results/tree_full_20260916_132005/artifacts/lfr__Expressions__Expression_10__Expression_10_fromLFR
105,lfr,lfr__Expressions__Expression_11__Expression_11_fromLFR,Expressions/Expression_11/Expression_11_fromLFR.json,/home/student/Desktop/Neptune_2026/Microfluidics-Benchmarks/Results/LFR_TestCases/Expressions/Expression_11/Expression_11_fromLFR.json,tree,success,,1.072,0.804958,0,,,,,,,,True,,,,/home/student/Desktop/Neptune_2026/Microfluidics-Benchmarks/Results/tree_full_20260916_132005/artifacts/lfr__Expressions__Expression_11__Expression_11_fromLFR/result.json,,Microfluidics-Benchmarks/Results/tree_full_20260916_132005/logs/lfr__Expressions__Expression_11__Expression_11_fromLFR.log,Microfluidics-Benchmarks/Results/tree_full_20260916_132005/artifacts/lfr__Expressions__Expression_11__Expression_11_fromLFR
106,lfr,lfr__Expressions__Expression_12__Expression_12_fromLFR,Expressions/Expression_12/Expression_12_fromLFR.json,/home/student/Desktop/Neptune_2026/Microfluidics-Benchmarks/Results/LFR_TestCases/Expressions/Expression_12/Expression_12_fromLFR.json,tree,success,,1.776,1.491706,0,,,,,,,,True,,,,/home/student/Desktop/Neptune_2026/Microfluidics-Benchmarks/Results/tree_full_20260916_132005/artifacts/lfr__Expressions__Expression_12__Expression_12_fromLFR/result.json,,Microfluidics-Benchmarks/Results/tree_full_20260916_132005/logs/lfr__Expressions__Expression_12__Expression_12_fromLFR.log,Microfluidics-Benchmarks/Results/tree_full_20260916_132005/artifacts/lfr__Expressions__Expression_12__Expression_12_fromLFR
107,lfr,lfr__Expressions__Expression_13__Expression_13_fromLFR,Expressions/Expression_13/Expression_13_fromLFR.json,/home/student/Desktop/Neptune_2026/Microfluidics-Benchmarks/Results/LFR_TestCases/Expressions/Expression_13/Expression_13_fromLFR.json,tree,success,,1.121,0.868713,0,,,,,,,,True,,,,/home/student/Desktop/Neptune_2026/Microfluidics-Benchmarks/Results/tree_full_20260916_132005/artifacts/lfr__Expressions__Expression_13__Expression_13_fromLFR/result.json,,Microfluidics-Benchmarks/Results/tree_full_20260916_132005/logs/lfr__Expressions__Expression_13__Expression_13_fromLFR.log,Microfluidics-Benchmarks/Results/tree_full_20260916_132005/artifacts/lfr__Expressions__Expression_13__Expression_13_fromLFR
108,lfr,lfr__Expressions__Expression_14__Expression_14_fromLFR,Expressions/Expression_14/Expression_14_fromLFR.json,/home/student/Desktop/Neptune_2026/Microfluidics-Benchmarks/Results/LFR_TestCases/Expressions/Expression_14/Expression_14_fromLFR.json,tree,success,,2.878,2.574768,0,,,,,,,,True,,,,/home/student/Desktop/Neptune_2026/Microfluidics-Benchmarks/Results/tree_full_20260916_132005/artifacts/lfr__Expressions__Expression_14__Expression_14_fromLFR/result.json,,Microfluidics-Benchmarks/Results/tree_full_20260916_132005/logs/lfr__Expressions__Expression_14__Expression_14_fromLFR.log,Microfluidics-Benchmarks/Results/tree_full_20260916_132005/artifacts/lfr__Expressions__Expression_14__Expression_14_fromLFR
109,lfr,lfr__Expressions__Expression_15__Expression_15_fromLFR,Expressions/Expression_15/Expression_15_fromLFR.json,/home/student/Desktop/Neptune_2026/Microfluidics-Benchmarks/Results/LFR_TestCases/Expressions/Expression_15/Expression_15_fromLFR.json,tree,success,,1.472,1.183793,0,,,,,,,,True,,,,/home/student/Desktop/Neptune_2026/Microfluidics-Benchmarks/Results/tree_full_20260916_132005/artifacts/lfr__Expressions__Expression_15__Expression_15_fromLFR/result.json,,Microfluidics-Benchmarks/Results/tree_full_20260916_132005/logs/lfr__Expressions__Expression_15__Expression_15_fromLFR.log,Microfluidics-Benchmarks/Results/tree_full_20260916_132005/artifacts/lfr__Expressions__Expression_15__Expression_15_fromLFR
110,lfr,lfr__Expressions__Expression_2__Expression_2_fromLFR,Expressions/Expression_2/Expression_2_fromLFR.json,/home/student/Desktop/Neptune_2026/Microfluidics-Benchmarks/Results/LFR_TestCases/Expressions/Expression_2/Expression_2_fromLFR.json,tree,success,,1.17,0.907743,0,,,,,,,,True,,,,/home/student/Desktop/Neptune_2026/Microfluidics-Benchmarks/Results/tree_full_20260916_132005/artifacts/lfr__Expressions__Expression_2__Expression_2_fromLFR/result.json,,Microfluidics-Benchmarks/Results/tree_full_20260916_132005/logs/lfr__Expressions__Expression_2__Expression_2_fromLFR.log,Microfluidics-Benchmarks/Results/tree_full_20260916_132005/artifacts/lfr__Expressions__Expression_2__Expression_2_fromLFR
111,lfr,lfr__Expressions__Expression_3__Expression_3_fromLFR,Expressions/Expression_3/Expression_3_fromLFR.json,/home/student/Desktop/Neptune_2026/Microfluidics-Benchmarks/Results/LFR_TestCases/Expressions/Expression_3/Expression_3_fromLFR.json,tree,success,,1.169,0.919661,0,,,,,,,,True,,,,/home/student/Desktop/Neptune_2026/Microfluidics-Benchmarks/Results/tree_full_20260916_132005/artifacts/lfr__Expressions__Expression_3__Expression_3_fromLFR/result.json,,Microfluidics-Benchmarks/Results/tree_full_20260916_132005/logs/lfr__Expressions__Expression_3__Expression_3_fromLFR.log,Microfluidics-Benchmarks/Results/tree_full_20260916_132005/artifacts/lfr__Expressions__Expression_3__Expression_3_fromLFR
112,lfr,lfr__Expressions__Expression_4__Expression_4_fromLFR,Expressions/Expression_4/Expression_4_fromLFR.json,/home/student/Desktop/Neptune_2026/Microfluidics-Benchmarks/Results/LFR_TestCases/Expressions/Expression_4/Expression_4_fromLFR.json,tree,success,,1.22,0.936633,0,,,,,,,,True,,,,/home/student/Desktop/Neptune_2026/Microfluidics-Benchmarks/Results/tree_full_20260916_132005/artifacts/lfr__Expressions__Expression_4__Expression_4_fromLFR/result.json,,Microfluidics-Benchmarks/Results/tree_full_20260916_132005/logs/lfr__Expressions__Expression_4__Expression_4_fromLFR.log,Microfluidics-Benchmarks/Results/tree_full_20260916_132005/artifacts/lfr__Expressions__Expression_4__Expression_4_fromLFR
113,lfr,lfr__Expressions__Expression_5__Expression_5_fromLFR,Expressions/Expression_5/Expression_5_fromLFR.json,/home/student/Desktop/Neptune_2026/Microfluidics-Benchmarks/Results/LFR_TestCases/Expressions/Expression_5/Expression_5_fromLFR.json,tree,success,,1.12,0.905916,0,,,,,,,,True,,,,/home/student/Desktop/Neptune_2026/Microfluidics-Benchmarks/Results/tree_full_20260916_132005/artifacts/lfr__Expressions__Expression_5__Expression_5_fromLFR/result.json,,Microfluidics-Benchmarks/Results/tree_full_20260916_132005/logs/lfr__Expressions__Expression_5__Expression_5_fromLFR.log,Microfluidics-Benchmarks/Results/tree_full_20260916_132005/artifacts/lfr__Expressions__Expression_5__Expression_5_fromLFR
114,lfr,lfr__Expressions__Expression_6__Expression_6_fromLFR,Expressions/Expression_6/Expression_6_fromLFR.json,/home/student/Desktop/Neptune_2026/Microfluidics-Benchmarks/Results/LFR_TestCases/Expressions/Expression_6/Expression_6_fromLFR.json,tree,success,,1.169,0.940984,0,,,,,,,,True,,,,/home/student/Desktop/Neptune_2026/Microfluidics-Benchmarks/Results/tree_full_20260916_132005/artifacts/lfr__Expressions__Expression_6__Expression_6_fromLFR/result.json,,Microfluidics-Benchmarks/Results/tree_full_20260916_132005/logs/lfr__Expressions__Expression_6__Expression_6_fromLFR.log,Microfluidics-Benchmarks/Results/tree_full_20260916_132005/artifacts/lfr__Expressions__Expression_6__Expression_6_fromLFR
115,lfr,lfr__Expressions__Expression_7__Expression_7_fromLFR,Expressions/Expression_7/Expression_7_fromLFR.json,/home/student/Desktop/Neptune_2026/Microfluidics-Benchmarks/Results/LFR_TestCases/Expressions/Expression_7/Expression_7_fromLFR.json,tree,success,,1.27,1.026068,0,,,,,,,,True,,,,/home/student/Desktop/Neptune_2026/Microfluidics-Benchmarks/Results/tree_full_20260916_132005/artifacts/lfr__Expressions__Expression_7__Expression_7_fromLFR/result.json,,Microfluidics-Benchmarks/Results/tree_full_20260916_132005/logs/lfr__Expressions__Expression_7__Expression_7_fromLFR.log,Microfluidics-Benchmarks/Results/tree_full_20260916_132005/artifacts/lfr__Expressions__Expression_7__Expression_7_fromLFR
116,lfr,lfr__Expressions__Expression_8__Expression_8_fromLFR,Expressions/Expression_8/Expression_8_fromLFR.json,/home/student/Desktop/Neptune_2026/Microfluidics-Benchmarks/Results/LFR_TestCases/Expressions/Expression_8/Expression_8_fromLFR.json,tree,success,,1.218,0.933097,0,,,,,,,,True,,,,/home/student/Desktop/Neptune_2026/Microfluidics-Benchmarks/Results/tree_full_20260916_132005/artifacts/lfr__Expressions__Expression_8__Expression_8_fromLFR/result.json,,Microfluidics-Benchmarks/Results/tree_full_20260916_132005/logs/lfr__Expressions__Expression_8__Expression_8_fromLFR.log,Microfluidics-Benchmarks/Results/tree_full_20260916_132005/artifacts/lfr__Expressions__Expression_8__Expression_8_fromLFR
117,lfr,lfr__Expressions__Expression_9__Expression_9_fromLFR,Expressions/Expression_9/Expression_9_fromLFR.json,/home/student/Desktop/Neptune_2026/Microfluidics-Benchmarks/Results/LFR_TestCases/Expressions/Expression_9/Expression_9_fromLFR.json,tree,success,,1.22,0.956888,0,,,,,,,,True,,,,/home/student/Desktop/Neptune_2026/Microfluidics-Benchmarks/Results/tree_full_20260916_132005/artifacts/lfr__Expressions__Expression_9__Expression_9_fromLFR/result.json,,Microfluidics-Benchmarks/Results/tree_full_20260916_132005/logs/lfr__Expressions__Expression_9__Expression_9_fromLFR.log,Microfluidics-Benchmarks/Results/tree_full_20260916_132005/artifacts/lfr__Expressions__Expression_9__Expression_9_fromLFR
119,lfr,lfr__Ghissues__Issue_15__Issue_15_fromLFR,Ghissues/Issue_15/Issue_15_fromLFR.json,/home/student/Desktop/Neptune_2026/Microfluidics-Benchmarks/Results/LFR_TestCases/Ghissues/Issue_15/Issue_15_fromLFR.json,tree,success,,1.221,0.921467,0,,,,,,,,True,,,,/home/student/Desktop/Neptune_2026/Microfluidics-Benchmarks/Results/tree_full_20260916_132005/artifacts/lfr__Ghissues__Issue_15__Issue_15_fromLFR/result.json,,Microfluidics-Benchmarks/Results/tree_full_20260916_132005/logs/lfr__Ghissues__Issue_15__Issue_15_fromLFR.log,Microfluidics-Benchmarks/Results/tree_full_20260916_132005/artifacts/lfr__Ghissues__Issue_15__Issue_15_fromLFR
120,lfr,lfr__Ghissues__Issue_2__Issue_2_fromLFR,Ghissues/Issue_2/Issue_2_fromLFR.json,/home/student/Desktop/Neptune_2026/Microfluidics-Benchmarks/Results/LFR_TestCases/Ghissues/Issue_2/Issue_2_fromLFR.json,tree,success,,1.07,0.813439,0,,,,,,,,True,,,,/home/student/Desktop/Neptune_2026/Microfluidics-Benchmarks/Results/tree_full_20260916_132005/artifacts/lfr__Ghissues__Issue_2__Issue_2_fromLFR/result.json,,Microfluidics-Benchmarks/Results/tree_full_20260916_132005/logs/lfr__Ghissues__Issue_2__Issue_2_fromLFR.log,Microfluidics-Benchmarks/Results/tree_full_20260916_132005/artifacts/lfr__Ghissues__Issue_2__Issue_2_fromLFR
121,lfr,lfr__Ghissues__Issue_3__Issue_3_fromLFR,Ghissues/Issue_3/Issue_3_fromLFR.json,/home/student/Desktop/Neptune_2026/Microfluidics-Benchmarks/Results/LFR_TestCases/Ghissues/Issue_3/Issue_3_fromLFR.json,tree,success,,1.471,1.252088,0,,,,,,,,True,,,,/home/student/Desktop/Neptune_2026/Microfluidics-Benchmarks/Results/tree_full_20260916_132005/artifacts/lfr__Ghissues__Issue_3__Issue_3_fromLFR/result.json,,Microfluidics-Benchmarks/Results/tree_full_20260916_132005/logs/lfr__Ghissues__Issue_3__Issue_3_fromLFR.log,Microfluidics-Benchmarks/Results/tree_full_20260916_132005/artifacts/lfr__Ghissues__Issue_3__Issue_3_fromLFR
125,lfr,lfr__Ghissues__Issue_9__Issue_9_fromLFR,Ghissues/Issue_9/Issue_9_fromLFR.json,/home/student/Desktop/Neptune_2026/Microfluidics-Benchmarks/Results/LFR_TestCases/Ghissues/Issue_9/Issue_9_fromLFR.json,tree,success,,322.715,322.445384,0,,,,,,,,True,,,,/home/student/Desktop/Neptune_2026/Microfluidics-Benchmarks/Results/tree_full_20260916_132005/artifacts/lfr__Ghissues__Issue_9__Issue_9_fromLFR/result.json,,Microfluidics-Benchmarks/Results/tree_full_20260916_132005/logs/lfr__Ghissues__Issue_9__Issue_9_fromLFR.log,Microfluidics-Benchmarks/Results/tree_full_20260916_132005/artifacts/lfr__Ghissues__Issue_9__Issue_9_fromLFR
126,lfr,lfr__Graph_Coverage__Tree_Fanin__Tree_Fanin_fromLFR,Graph_Coverage/Tree_Fanin/Tree_Fanin_fromLFR.json,/home/student/Desktop/Neptune_2026/Microfluidics-Benchmarks/Results/LFR_TestCases/Graph_Coverage/Tree_Fanin/Tree_Fanin_fromLFR.json,tree,success,,1.118,0.923147,0,,,,,,,,True,,,,/home/student/Desktop/Neptune_2026/Microfluidics-Benchmarks/Results/tree_full_20260916_132005/artifacts/lfr__Graph_Coverage__Tree_Fanin__Tree_Fanin_fromLFR/result.json,,Microfluidics-Benchmarks/Results/tree_full_20260916_132005/logs/lfr__Graph_Coverage__Tree_Fanin__Tree_Fanin_fromLFR.log,Microfluidics-Benchmarks/Results/tree_full_20260916_132005/artifacts/lfr__Graph_Coverage__Tree_Fanin__Tree_Fanin_fromLFR
127,lfr,lfr__Graph_Coverage__Tree_Fanout__Tree_Fanout_fromLFR,Graph_Coverage/Tree_Fanout/Tree_Fanout_fromLFR.json,/home/student/Desktop/Neptune_2026/Microfluidics-Benchmarks/Results/LFR_TestCases/Graph_Coverage/Tree_Fanout/Tree_Fanout_fromLFR.json,tree,success,,1.22,0.966991,0,,,,,,,,True,,,,/home/student/Desktop/Neptune_2026/Microfluidics-Benchmarks/Results/tree_full_20260916_132005/artifacts/lfr__Graph_Coverage__Tree_Fanout__Tree_Fanout_fromLFR/result.json,,Microfluidics-Benchmarks/Results/tree_full_20260916_132005/logs/lfr__Graph_Coverage__Tree_Fanout__Tree_Fanout_fromLFR.log,Microfluidics-Benchmarks/Results/tree_full_20260916_132005/artifacts/lfr__Graph_Coverage__Tree_Fanout__Tree_Fanout_fromLFR
128,lfr,lfr__Literature_Benchmarks__Device_1_Sc_Rna_Seq__Device_1_Sc_Rna_Seq_fromLFR,Literature_Benchmarks/Device_1_Sc_Rna_Seq/Device_1_Sc_Rna_Seq_fromLFR.json,/home/student/Desktop/Neptune_2026/Microfluidics-Benchmarks/Results/LFR_TestCases/Literature_Benchmarks/Device_1_Sc_Rna_Seq/Device_1_Sc_Rna_Seq_fromLFR.json,tree,success,,1.119,0.920213,0,,,,,,,,True,,,,/home/student/Desktop/Neptune_2026/Microfluidics-Benchmarks/Results/tree_full_20260916_132005/artifacts/lfr__Literature_Benchmarks__Device_1_Sc_Rna_Seq__Device_1_Sc_Rna_Seq_fromLFR/result.json,,Microfluidics-Benchmarks/Results/tree_full_20260916_132005/logs/lfr__Literature_Benchmarks__Device_1_Sc_Rna_Seq__Device_1_Sc_Rna_Seq_fromLFR.log,Microfluidics-Benchmarks/Results/tree_full_20260916_132005/artifacts/lfr__Literature_Benchmarks__Device_1_Sc_Rna_Seq__Device_1_Sc_Rna_Seq_fromLFR
130,lfr,lfr__Literature_Benchmarks__Device_4_Molecular_Diagnostics__Device_4_Molecular_Diagnostics_fromLFR,Literature_Benchmarks/Device_4_Molecular_Diagnostics/Device_4_Molecular_Diagnostics_fromLFR.json,/home/student/Desktop/Neptune_2026/Microfluidics-Benchmarks/Results/LFR_TestCases/Literature_Benchmarks/Device_4_Molecular_Diagnostics/Device_4_Molecular_Diagnostics_fromLFR.json,tree,success,,1.322,1.020405,0,,,,,,,,True,,,,/home/student/Desktop/Neptune_2026/Microfluidics-Benchmarks/Results/tree_full_20260916_132005/artifacts/lfr__Literature_Benchmarks__Device_4_Molecular_Diagnostics__Device_4_Molecular_Diagnostics_fromLFR/result.json,,Microfluidics-Benchmarks/Results/tree_full_20260916_132005/logs/lfr__Literature_Benchmarks__Device_4_Molecular_Diagnostics__Device_4_Molecular_Diagnostics_fromLFR.log,Microfluidics-Benchmarks/Results/tree_full_20260916_132005/artifacts/lfr__Literature_Benchmarks__Device_4_Molecular_Diagnostics__Device_4_Molecular_Diagnostics_fromLFR
131,lfr,lfr__Literature_Benchmarks__Device_5_Bacteria_Diagnostics__Device_5_Bacteria_Diagnostics_fromLFR,Literature_Benchmarks/Device_5_Bacteria_Diagnostics/Device_5_Bacteria_Diagnostics_fromLFR.json,/home/student/Desktop/Neptune_2026/Microfluidics-Benchmarks/Results/LFR_TestCases/Literature_Benchmarks/Device_5_Bacteria_Diagnostics/Device_5_Bacteria_Diagnostics_fromLFR.json,tree,success,,13.656,13.389693,0,,,,,,,,True,,,,/home/student/Desktop/Neptune_2026/Microfluidics-Benchmarks/Results/tree_full_20260916_132005/artifacts/lfr__Literature_Benchmarks__Device_5_Bacteria_Diagnostics__Device_5_Bacteria_Diagnostics_fromLFR/result.json,,Microfluidics-Benchmarks/Results/tree_full_20260916_132005/logs/lfr__Literature_Benchmarks__Device_5_Bacteria_Diagnostics__Device_5_Bacteria_Diagnostics_fromLFR.log,Microfluidics-Benchmarks/Results/tree_full_20260916_132005/artifacts/lfr__Literature_Benchmarks__Device_5_Bacteria_Diagnostics__Device_5_Bacteria_Diagnostics_fromLFR
134,lfr,lfr__Mars__Antibiotic_Resistance__Antibiotic_Resistance_fromLFR,Mars/Antibiotic_Resistance/Antibiotic_Resistance_fromLFR.json,/home/student/Desktop/Neptune_2026/Microfluidics-Benchmarks/Results/LFR_TestCases/Mars/Antibiotic_Resistance/Antibiotic_Resistance_fromLFR.json,tree,success,,1.369,1.104578,0,,,,,,,,True,,,,/home/student/Desktop/Neptune_2026/Microfluidics-Benchmarks/Results/tree_full_20260916_132005/artifacts/lfr__Mars__Antibiotic_Resistance__Antibiotic_Resistance_fromLFR/result.json,,Microfluidics-Benchmarks/Results/tree_full_20260916_132005/logs/lfr__Mars__Antibiotic_Resistance__Antibiotic_Resistance_fromLFR.log,Microfluidics-Benchmarks/Results/tree_full_20260916_132005/artifacts/lfr__Mars__Antibiotic_Resistance__Antibiotic_Resistance_fromLFR
135,lfr,lfr__Mars__Cell_Lysis__Cell_Lysis_fromLFR,Mars/Cell_Lysis/Cell_Lysis_fromLFR.json,/home/student/Desktop/Neptune_2026/Microfluidics-Benchmarks/Results/LFR_TestCases/Mars/Cell_Lysis/Cell_Lysis_fromLFR.json,tree,success,,1.178,0.925679,0,,,,,,,,True,,,,/home/student/Desktop/Neptune_2026/Microfluidics-Benchmarks/Results/tree_full_20260916_132005/artifacts/lfr__Mars__Cell_Lysis__Cell_Lysis_fromLFR/result.json,,Microfluidics-Benchmarks/Results/tree_full_20260916_132005/logs/lfr__Mars__Cell_Lysis__Cell_Lysis_fromLFR.log,Microfluidics-Benchmarks/Results/tree_full_20260916_132005/artifacts/lfr__Mars__Cell_Lysis__Cell_Lysis_fromLFR
136,lfr,lfr__Mars__Dna_Digest__Dna_Digest_fromLFR,Mars/Dna_Digest/Dna_Digest_fromLFR.json,/home/student/Desktop/Neptune_2026/Microfluidics-Benchmarks/Results/LFR_TestCases/Mars/Dna_Digest/Dna_Digest_fromLFR.json,tree,success,,2.526,2.228691,0,,,,,,,,True,,,,/home/student/Desktop/Neptune_2026/Microfluidics-Benchmarks/Results/tree_full_20260916_132005/artifacts/lfr__Mars__Dna_Digest__Dna_Digest_fromLFR/result.json,,Microfluidics-Benchmarks/Results/tree_full_20260916_132005/logs/lfr__Mars__Dna_Digest__Dna_Digest_fromLFR.log,Microfluidics-Benchmarks/Results/tree_full_20260916_132005/artifacts/lfr__Mars__Dna_Digest__Dna_Digest_fromLFR
137,lfr,lfr__Mars__Fluorescence__Fluorescence_fromLFR,Mars/Fluorescence/Fluorescence_fromLFR.json,/home/student/Desktop/Neptune_2026/Microfluidics-Benchmarks/Results/LFR_TestCases/Mars/Fluorescence/Fluorescence_fromLFR.json,tree,success,,1.727,1.470661,0,,,,,,,,True,,,,/home/student/Desktop/Neptune_2026/Microfluidics-Benchmarks/Results/tree_full_20260916_132005/artifacts/lfr__Mars__Fluorescence__Fluorescence_fromLFR/result.json,,Microfluidics-Benchmarks/Results/tree_full_20260916_132005/logs/lfr__Mars__Fluorescence__Fluorescence_fromLFR.log,Microfluidics-Benchmarks/Results/tree_full_20260916_132005/artifacts/lfr__Mars__Fluorescence__Fluorescence_fromLFR
